#ifndef CRYPTO_KEYS_H
#define CRYPTO_KEYS_H

#include <cstdint>
#include <string>

// Source: demo_data/key_pub_raw.bin
__attribute__((aligned(4))) const unsigned char PublicKeyRawBuffer_raw[] = {
    0x00, 0x10, 0x00, 0x00, 0x00, 0x00, 0x00, 0x00, 0x0b, 0x0b, 0x54, 0x0a, 
    0xbc, 0x15, 0xd7, 0x0f, 0xe3, 0x1e, 0xbe, 0x0c, 0xdb, 0x7f, 0xbb, 0x0b, 
    0xfa, 0x9f, 0x28, 0x0a, 0x72, 0x26, 0x45, 0x0d, 0xa8, 0x3d, 0xf5, 0x08, 
    0xf5, 0xb2, 0xb5, 0x00, 0x5e, 0x61, 0xdb, 0x01, 0x37, 0x1d, 0x74, 0x06, 
    0x28, 0x80, 0x2f, 0x0b, 0xef, 0xfa, 0x50, 0x09, 0xd1, 0xe5, 0x5b, 0x0c, 
    0x20, 0x53, 0x5c, 0x04, 0xf2, 0x05, 0xa4, 0x0b, 0xe7, 0x2c, 0x16, 0x0c, 
    0xe1, 0xfb, 0xcb, 0x05, 0xbf, 0x26, 0x01, 0x04, 0x7c, 0x9c, 0xaa, 0x0c, 
    0xc1, 0x08, 0x06, 0x0a, 0x13, 0x97, 0x2f, 0x0f, 0xb5, 0x8d, 0xb4, 0x0a, 
    0x18, 0x5b, 0xbc, 0x0c, 0x20, 0x43, 0x42, 0x08, 0x3f, 0x63, 0x88, 0x04, 
    0xc1, 0x79, 0xd1, 0x0f, 0x66, 0x95, 0x1c, 0x0c, 0xa0, 0xd5, 0xa9, 0x0a, 
    0xf0, 0x6c, 0xca, 0x03, 0xc1, 0xb5, 0xd9, 0x04, 0x46, 0xc9, 0x53, 0x01, 
    0xd0, 0x75, 0x9f, 0x08, 0xc6, 0xb1, 0xe7, 0x0e, 0x5b, 0x21, 0x41, 0x02, 
    0x47, 0x7d, 0xb3, 0x04, 0x6a, 0x1e, 0x85, 0x0c, 0x0e, 0xc0, 0x70, 0x0e, 
    0xb8, 0x24, 0x6d, 0x01, 0xf7, 0x35, 0x4e, 0x0a, 0xe2, 0xe6, 0x19, 0x01, 
    0x69, 0xdb, 0x96, 0x0e, 0x64, 0x75, 0xfe, 0x08, 0x48, 0x2b, 0xbe, 0x0c, 
    0xaf, 0x93, 0xba, 0x09, 0x0b, 0x56, 0x99, 0x0d, 0x35, 0xb7, 0xea, 0x00, 
    0xe2, 0x53, 0x8b, 0x0e, 0x39, 0x50, 0xde, 0x0d, 0x24, 0xe2, 0xb8, 0x04, 
    0x37, 0xaf, 0x54, 0x03, 0x0c, 0x99, 0x1d, 0x0f, 0x86, 0x95, 0x71, 0x0e, 
    0x26, 0xe6, 0x4d, 0x0d, 0x76, 0xca, 0x8f, 0x0a, 0xa7, 0xa2, 0x7b, 0x01, 
    0x21, 0x92, 0x98, 0x0a, 0xe2, 0x31, 0x72, 0x0a, 0xd9, 0xd6, 0xc8, 0x02, 
    0xd6, 0xcc, 0x46, 0x02, 0xfa, 0x41, 0xa2, 0x0a, 0x57, 0x10, 0x7e, 0x0e, 
    0x27, 0xe7, 0x9f, 0x00, 0x5a, 0x55, 0x77, 0x00, 0xc9, 0x18, 0x9b, 0x0c, 
    0x55, 0xd8, 0x49, 0x0c, 0x77, 0x81, 0xce, 0x09, 0xfb, 0xa8, 0x76, 0x00, 
    0xb3, 0x87, 0x34, 0x0a, 0x29, 0x17, 0x95, 0x08, 0x89, 0xd8, 0x7e, 0x0c, 
    0x2e, 0x36, 0x54, 0x09, 0x99, 0x3c, 0x98, 0x07, 0x8b, 0xb0, 0x1c, 0x01, 
    0x85, 0xe5, 0x48, 0x07, 0x2f, 0x06, 0x31, 0x03, 0xc6, 0x7f, 0x64, 0x0b, 
    0x13, 0x26, 0xcf, 0x01, 0xb4, 0xc2, 0x5d, 0x0b, 0xef, 0xc2, 0xb4, 0x08, 
    0x5d, 0x5b, 0x59, 0x09, 0xd5, 0xfa, 0xc3, 0x06, 0xdc, 0x28, 0x7c, 0x0f, 
    0xb6, 0x90, 0xcd, 0x0e, 0x4d, 0x51, 0x3a, 0x0c, 0x6a, 0xa4, 0x87, 0x08, 
    0xf2, 0x47, 0x57, 0x01, 0xfe, 0x9b, 0x91, 0x08, 0xf3, 0x60, 0x20, 0x03, 
    0x6f, 0xbd, 0x5b, 0x04, 0x33, 0x87, 0xab, 0x0a, 0x79, 0x8e, 0xb5, 0x0d, 
    0x3a, 0x44, 0x50, 0x0b, 0xda, 0xa0, 0x72, 0x0b, 0x6a, 0x56, 0xb6, 0x0a, 
    0x86, 0xdc, 0x14, 0x0b, 0x8a, 0xbf, 0x0d, 0x0e, 0xf0, 0x19, 0x05, 0x00, 
    0x9e, 0x7a, 0xa6, 0x0a, 0xa6, 0xa9, 0x67, 0x01, 0x74, 0x7f, 0x5f, 0x06, 
    0x56, 0x7b, 0x7f, 0x0b, 0x32, 0xd7, 0x6e, 0x03, 0x6c, 0x65, 0x66, 0x06, 
    0x1d, 0x60, 0xd2, 0x0e, 0x56, 0x1c, 0xad, 0x0a, 0x62, 0xee, 0xf7, 0x09, 
    0x83, 0x29, 0xe6, 0x0d, 0xb3, 0xf0, 0x2d, 0x05, 0x21, 0xdb, 0x08, 0x06, 
    0xd7, 0x0e, 0xb1, 0x03, 0x6f, 0xa7, 0xc2, 0x03, 0xf5, 0x8c, 0x45, 0x04, 
    0xce, 0xed, 0xb0, 0x05, 0xb7, 0x74, 0xe5, 0x06, 0x96, 0x80, 0x71, 0x0a, 
    0x66, 0xc2, 0xa8, 0x06, 0xe1, 0xdb, 0x3b, 0x06, 0xbe, 0xb5, 0x6b, 0x0f, 
    0x99, 0xa3, 0x10, 0x09, 0xc2, 0x6a, 0x7b, 0x02, 0x33, 0x08, 0xd6, 0x0f, 
    0xfe, 0x01, 0xe9, 0x0d, 0xa6, 0x26, 0x15, 0x03, 0x0b, 0xbb, 0x0f, 0x02, 
    0x2b, 0xe0, 0x4b, 0x0a, 0x71, 0x8d, 0x25, 0x0d, 0xec, 0x02, 0x64, 0x0c, 
    0xc0, 0xde, 0xfd, 0x05, 0xde, 0xf8, 0xe6, 0x04, 0x35, 0xa2, 0xed, 0x02, 
    0x40, 0x8a, 0xcf, 0x03, 0x2f, 0x78, 0xe2, 0x0b, 0xb2, 0x62, 0xc2, 0x04, 
    0x7d, 0x82, 0x3b, 0x0b, 0x66, 0x60, 0xe7, 0x05, 0x0f, 0x03, 0xb3, 0x07, 
    0xa6, 0x9a, 0x08, 0x0f, 0xcf, 0x7b, 0x10, 0x00, 0xe9, 0xfb, 0x78, 0x02, 
    0x21, 0xc9, 0x64, 0x02, 0x2c, 0x5e, 0xab, 0x06, 0xcc, 0x64, 0xf0, 0x0a, 
    0x71, 0x06, 0xa9, 0x04, 0x4e, 0xac, 0x1c, 0x0c, 0x7a, 0xaf, 0x96, 0x05, 
    0xa2, 0x4d, 0xfc, 0x04, 0x12, 0x3a, 0x7e, 0x0d, 0x82, 0xfb, 0x48, 0x08, 
    0xfa, 0x8d, 0x2e, 0x09, 0xcb, 0x78, 0xad, 0x08, 0xdc, 0xe0, 0x04, 0x03, 
    0xd6, 0xa3, 0x4b, 0x0c, 0x38, 0x23, 0x3b, 0x00, 0xec, 0x95, 0x68, 0x02, 
    0xe6, 0xfa, 0x79, 0x08, 0x4e, 0x84, 0xaa, 0x00, 0x19, 0xd3, 0x59, 0x02, 
    0x8c, 0xb5, 0x6f, 0x0a, 0xce, 0x67, 0x39, 0x09, 0xd6, 0x90, 0x5e, 0x01, 
    0x4d, 0x3f, 0xc6, 0x09, 0x1f, 0xce, 0x4f, 0x07, 0xf1, 0x2d, 0xb1, 0x0a, 
    0xfe, 0xfd, 0x86, 0x09, 0x72, 0x8c, 0x43, 0x0f, 0xde, 0xd1, 0x7b, 0x0e, 
    0x1f, 0x0a, 0x58, 0x05, 0x5b, 0xe3, 0x29, 0x0d, 0xdd, 0xb7, 0xcc, 0x0a, 
    0x0a, 0xaa, 0xa0, 0x0e, 0x5a, 0xa9, 0x28, 0x09, 0x40, 0xbc, 0xb2, 0x05, 
    0x16, 0xd8, 0xd9, 0x0c, 0xd2, 0x44, 0xa8, 0x0e, 0x4f, 0x6b, 0x72, 0x08, 
    0x09, 0x82, 0x17, 0x07, 0xcb, 0x44, 0x2a, 0x0d, 0x4e, 0xcf, 0xe8, 0x05, 
    0x97, 0x29, 0x2a, 0x02, 0x0f, 0x9a, 0xa3, 0x0e, 0xa3, 0xd6, 0x3e, 0x02, 
    0xed, 0x63, 0x74, 0x07, 0xd9, 0x20, 0x5b, 0x0e, 0x1a, 0xe1, 0x9f, 0x04, 
    0x2c, 0x73, 0x19, 0x0c, 0x02, 0x98, 0x6b, 0x0d, 0x60, 0xa3, 0x60, 0x0f, 
    0x99, 0x7c, 0x44, 0x08, 0xe4, 0x31, 0x4a, 0x03, 0x15, 0x3b, 0x8f, 0x0f, 
    0xee, 0x3a, 0x25, 0x01, 0xef, 0x13, 0x9e, 0x04, 0x35, 0x33, 0x2a, 0x0a, 
    0xdc, 0xf9, 0xc0, 0x07, 0x7a, 0x2c, 0xa8, 0x07, 0xa3, 0x8b, 0x36, 0x0c, 
    0x11, 0x61, 0x06, 0x02, 0x00, 0xb9, 0x08, 0x02, 0xf7, 0x6d, 0x6d, 0x0d, 
    0xa7, 0x71, 0x4e, 0x07, 0x68, 0x89, 0xa3, 0x02, 0x3e, 0x77, 0xd4, 0x07, 
    0xb4, 0xcf, 0x66, 0x09, 0x3a, 0xf9, 0xf6, 0x02, 0x5a, 0x73, 0x3f, 0x08, 
    0x01, 0x33, 0x73, 0x01, 0x44, 0xf3, 0x4e, 0x05, 0xa0, 0x8d, 0x13, 0x00, 
    0x16, 0xb8, 0x10, 0x02, 0x0b, 0x9f, 0x9b, 0x0c, 0x07, 0xed, 0x2f, 0x01, 
    0x8e, 0x37, 0x1b, 0x0a, 0x03, 0xe2, 0x74, 0x05, 0x6f, 0xa6, 0xe4, 0x0f, 
    0x9a, 0xbd, 0xd8, 0x08, 0x3f, 0x0d, 0x0d, 0x0f, 0x34, 0x12, 0x5c, 0x08, 
    0x67, 0x8f, 0x72, 0x07, 0x07, 0xde, 0xa0, 0x0d, 0x5e, 0x0f, 0x2d, 0x0d, 
    0x55, 0xef, 0x3e, 0x03, 0x5e, 0x71, 0x70, 0x03, 0x12, 0xc9, 0x80, 0x00, 
    0x51, 0x4c, 0xb7, 0x0e, 0x4d, 0x8f, 0xb3, 0x03, 0x97, 0x86, 0x28, 0x09, 
    0x8e, 0x6b, 0x31, 0x08, 0x94, 0xec, 0x92, 0x09, 0x7d, 0x1e, 0xf8, 0x06, 
    0xf9, 0xf8, 0x47, 0x0f, 0x32, 0x53, 0xca, 0x08, 0xa0, 0x9b, 0x48, 0x06, 
    0x66, 0x02, 0x1d, 0x0d, 0xac, 0xf1, 0x6f, 0x07, 0x2e, 0x3f, 0x74, 0x07, 
    0x69, 0x8e, 0xcb, 0x0a, 0xfe, 0xc7, 0x8e, 0x0e, 0xee, 0x5d, 0x6d, 0x00, 
    0x41, 0x63, 0x4b, 0x01, 0x9c, 0xe4, 0x01, 0x06, 0x98, 0x92, 0x34, 0x09, 
    0x18, 0xc1, 0xff, 0x07, 0xe5, 0xc6, 0x3c, 0x0e, 0xf1, 0x41, 0xb5, 0x02, 
    0xce, 0x61, 0x45, 0x0e, 0xb0, 0x37, 0x06, 0x06, 0xe8, 0x31, 0xae, 0x01, 
    0xb9, 0x37, 0x35, 0x0c, 0x4c, 0x2b, 0xff, 0x01, 0xb1, 0xf7, 0xe3, 0x0c, 
    0x0b, 0x8e, 0xfa, 0x00, 0x4b, 0x76, 0x76, 0x04, 0x75, 0xa4, 0xff, 0x05, 
    0xa6, 0x07, 0x9e, 0x0c, 0x51, 0xd8, 0xe9, 0x0a, 0xbb, 0xc0, 0x43, 0x0d, 
    0x60, 0xe3, 0x0a, 0x04, 0xed, 0x0d, 0xe8, 0x06, 0xda, 0x35, 0x60, 0x02, 
    0xe2, 0x0d, 0x62, 0x0f, 0xfa, 0x52, 0x2d, 0x05, 0x46, 0x14, 0x57, 0x0b, 
    0x4e, 0x99, 0xfe, 0x02, 0x13, 0x44, 0xcc, 0x07, 0xcc, 0x1c, 0x1b, 0x0d, 
    0x00, 0x91, 0xf4, 0x05, 0x55, 0x22, 0xe5, 0x08, 0xd4, 0x5d, 0xde, 0x07, 
    0xde, 0x70, 0x24, 0x04, 0x29, 0x6d, 0xd4, 0x0a, 0x69, 0xc6, 0x85, 0x03, 
    0xf2, 0x35, 0xcc, 0x09, 0x74, 0x2b, 0xa2, 0x02, 0x64, 0x0a, 0x08, 0x0e, 
    0x2c, 0x76, 0x31, 0x04, 0xb1, 0xeb, 0xed, 0x0f, 0xbd, 0x84, 0xf9, 0x01, 
    0x36, 0xb6, 0xf2, 0x08, 0x67, 0x19, 0x94, 0x0e, 0xe8, 0xbc, 0x18, 0x0a, 
    0x37, 0xd2, 0x42, 0x0f, 0x48, 0xc5, 0xb7, 0x04, 0x14, 0xa3, 0x8c, 0x0e, 
    0x83, 0xaa, 0xd7, 0x02, 0xab, 0x08, 0x1c, 0x07, 0xe7, 0x69, 0xe0, 0x0b, 
    0x91, 0x4c, 0xe2, 0x06, 0x17, 0xae, 0xd8, 0x0d, 0xb9, 0xde, 0xf1, 0x09, 
    0xdb, 0x12, 0x79, 0x00, 0x9c, 0x33, 0xde, 0x0c, 0xfe, 0xa8, 0x4e, 0x0b, 
    0xe3, 0x5d, 0xca, 0x0b, 0x11, 0x4c, 0x73, 0x03, 0x62, 0xe0, 0x39, 0x02, 
    0xe1, 0xea, 0x87, 0x02, 0xee, 0x93, 0x0f, 0x0b, 0xb9, 0x04, 0x80, 0x0f, 
    0xf3, 0xa1, 0x11, 0x00, 0x7d, 0xea, 0x0d, 0x0c, 0x08, 0x77, 0xbc, 0x0e, 
    0xf6, 0xcd, 0x65, 0x07, 0x76, 0x4a, 0x52, 0x01, 0x1c, 0x9b, 0xd9, 0x00, 
    0xf5, 0x29, 0xab, 0x0d, 0x23, 0x2c, 0x5e, 0x0c, 0x21, 0x74, 0x08, 0x08, 
    0xf8, 0x8c, 0xd9, 0x09, 0x0f, 0xfa, 0x01, 0x0e, 0xed, 0xcb, 0xe0, 0x0f, 
    0x72, 0x0f, 0x7a, 0x0a, 0x8c, 0x07, 0xc7, 0x0a, 0xbe, 0x18, 0x42, 0x07, 
    0x83, 0xa7, 0x49, 0x02, 0xe5, 0x06, 0x5c, 0x04, 0xd7, 0x7e, 0xc1, 0x06, 
    0x64, 0xa0, 0x44, 0x00, 0xef, 0xd8, 0x50, 0x00, 0x49, 0xd8, 0x7d, 0x08, 
    0x79, 0xb0, 0x34, 0x03, 0xa4, 0x86, 0x33, 0x09, 0xb0, 0x8a, 0xe9, 0x02, 
    0x08, 0x0f, 0x55, 0x00, 0x94, 0x0a, 0x12, 0x09, 0xed, 0x14, 0xff, 0x04, 
    0x29, 0xab, 0x0b, 0x0f, 0xa0, 0x87, 0xdf, 0x0a, 0x3c, 0x22, 0x64, 0x09, 
    0xcb, 0x23, 0x0f, 0x00, 0x02, 0x1d, 0x89, 0x0d, 0xd8, 0x21, 0xee, 0x06, 
    0x61, 0x5d, 0x20, 0x04, 0xf6, 0xa5, 0xb8, 0x02, 0x0a, 0x2a, 0xe2, 0x0b, 
    0x12, 0x77, 0xcf, 0x0e, 0x85, 0x32, 0x12, 0x0c, 0x39, 0xdf, 0x49, 0x01, 
    0x2f, 0xbd, 0x40, 0x00, 0x7e, 0x88, 0xab, 0x00, 0x62, 0xe0, 0x76, 0x07, 
    0x40, 0x81, 0xb0, 0x08, 0xcd, 0x65, 0xc9, 0x06, 0xe4, 0x46, 0x1e, 0x0a, 
    0x66, 0xa8, 0xa8, 0x0f, 0x99, 0x9a, 0x6b, 0x0d, 0x12, 0x7f, 0xcb, 0x0b, 
    0x60, 0x83, 0xb4, 0x0e, 0x4b, 0x8c, 0xea, 0x06, 0x09, 0xe4, 0x5e, 0x09, 
    0x87, 0x3e, 0x41, 0x00, 0x77, 0xd5, 0x8d, 0x0f, 0x71, 0x4c, 0x96, 0x0e, 
    0x4e, 0x13, 0xb2, 0x0e, 0x5b, 0x6a, 0x08, 0x05, 0x27, 0x42, 0xc5, 0x09, 
    0xf1, 0xb5, 0x47, 0x09, 0x0b, 0x8b, 0xf2, 0x06, 0x73, 0xcd, 0xee, 0x03, 
    0x75, 0x44, 0xf0, 0x06, 0x12, 0x4b, 0x1c, 0x05, 0x28, 0x49, 0xf2, 0x01, 
    0x95, 0xca, 0xa9, 0x06, 0x8e, 0x32, 0x63, 0x0e, 0xdc, 0x58, 0xe7, 0x04, 
    0xb3, 0x07, 0xab, 0x0f, 0x10, 0xd8, 0x4d, 0x08, 0x4f, 0xde, 0x2b, 0x09, 
    0xd3, 0x0e, 0x87, 0x01, 0x83, 0x23, 0x0f, 0x0e, 0xf4, 0xff, 0x07, 0x06, 
    0x89, 0x32, 0xcd, 0x0b, 0x0a, 0xe2, 0xde, 0x08, 0x73, 0x3e, 0x04, 0x05, 
    0xdb, 0x42, 0xca, 0x00, 0x57, 0x34, 0xb5, 0x02, 0x88, 0x30, 0x06, 0x00, 
    0x9e, 0x9e, 0x56, 0x0b, 0x94, 0xfc, 0x6f, 0x07, 0xc6, 0x8d, 0x1c, 0x05, 
    0x4e, 0x11, 0x0c, 0x0c, 0xe8, 0xfd, 0xed, 0x0a, 0xac, 0x1b, 0x02, 0x07, 
    0x44, 0x9a, 0x72, 0x04, 0xb0, 0x6b, 0x76, 0x03, 0xde, 0xad, 0x1a, 0x0c, 
    0xe8, 0xf8, 0x23, 0x07, 0x47, 0xbb, 0x6c, 0x04, 0x6b, 0x21, 0x97, 0x05, 
    0xdb, 0xdc, 0xda, 0x0f, 0xb1, 0xc3, 0xf7, 0x06, 0x7e, 0xf1, 0xd3, 0x01, 
    0xc8, 0xb9, 0x99, 0x05, 0xca, 0xee, 0xb7, 0x06, 0xa5, 0xa7, 0x33, 0x06, 
    0x2d, 0x3e, 0x66, 0x0f, 0x18, 0x82, 0xd3, 0x02, 0xf8, 0x16, 0x2d, 0x06, 
    0xd5, 0x05, 0xb2, 0x0e, 0x14, 0x76, 0xf8, 0x09, 0x80, 0x86, 0x73, 0x02, 
    0x32, 0x4e, 0xe6, 0x0d, 0x9d, 0xb7, 0x6c, 0x07, 0x7f, 0x6c, 0xc9, 0x07, 
    0xe1, 0x5e, 0xfd, 0x0b, 0xf4, 0x6e, 0xdf, 0x0d, 0xf2, 0xcc, 0x20, 0x0b, 
    0x40, 0xf1, 0xb3, 0x09, 0x23, 0x39, 0x4d, 0x00, 0xef, 0xa3, 0x79, 0x0a, 
    0xb8, 0x91, 0xcb, 0x07, 0xb8, 0xd1, 0xf8, 0x0e, 0x6b, 0x4b, 0x72, 0x0c, 
    0xd3, 0xb5, 0x96, 0x0d, 0xf1, 0x24, 0x32, 0x05, 0xf5, 0x83, 0x06, 0x06, 
    0x88, 0xb6, 0xa2, 0x0d, 0x24, 0x4e, 0x84, 0x0d, 0xfc, 0xf0, 0x50, 0x05, 
    0x59, 0x8c, 0x28, 0x0e, 0x53, 0x73, 0xb8, 0x0d, 0xc7, 0xe0, 0x84, 0x0d, 
    0x00, 0x8f, 0x00, 0x0e, 0x77, 0x9e, 0xce, 0x08, 0x53, 0x27, 0x92, 0x0f, 
    0x97, 0xa5, 0xf8, 0x05, 0x35, 0xad, 0x0c, 0x0b, 0x7f, 0xd2, 0xb2, 0x03, 
    0xd0, 0x6b, 0x25, 0x03, 0x99, 0x72, 0x51, 0x04, 0xd6, 0xa1, 0x43, 0x02, 
    0x5b, 0x92, 0xa7, 0x02, 0xe4, 0x31, 0x5e, 0x04, 0x6f, 0xca, 0xa9, 0x00, 
    0x7b, 0x98, 0xb7, 0x0e, 0xb2, 0x23, 0x7a, 0x0a, 0x48, 0xa4, 0x39, 0x09, 
    0x3f, 0xb6, 0x4b, 0x05, 0xb0, 0xfb, 0xe0, 0x05, 0x1a, 0x92, 0x25, 0x0a, 
    0x48, 0x76, 0x95, 0x0f, 0x92, 0xc5, 0x6f, 0x0a, 0xfb, 0x48, 0xd7, 0x01, 
    0xd5, 0xd6, 0xc5, 0x0b, 0x40, 0xfe, 0x41, 0x05, 0xaf, 0x44, 0x53, 0x0d, 
    0x17, 0xdc, 0x91, 0x0e, 0xac, 0xd4, 0x42, 0x02, 0x3c, 0x73, 0xfb, 0x02, 
    0x55, 0x71, 0x8d, 0x03, 0x4d, 0xce, 0x99, 0x07, 0x91, 0x95, 0x7c, 0x04, 
    0x39, 0xea, 0xa0, 0x0b, 0xf8, 0x10, 0x3b, 0x00, 0xee, 0x18, 0x37, 0x0e, 
    0xc0, 0x9d, 0xdd, 0x0e, 0x2e, 0x08, 0x19, 0x0e, 0x64, 0xb3, 0xe0, 0x0e, 
    0xba, 0x8c, 0x59, 0x06, 0x43, 0x31, 0x53, 0x0e, 0x75, 0x72, 0x24, 0x06, 
    0xc3, 0x84, 0x08, 0x06, 0x51, 0xc7, 0x28, 0x07, 0x08, 0x38, 0x74, 0x04, 
    0x42, 0xe3, 0xda, 0x05, 0x1a, 0xca, 0xdb, 0x08, 0xca, 0x44, 0x6e, 0x0e, 
    0xa0, 0x5d, 0xc3, 0x07, 0x36, 0xc0, 0x86, 0x01, 0xa5, 0x70, 0xc9, 0x09, 
    0x24, 0xbb, 0x8c, 0x05, 0xe3, 0x99, 0xbc, 0x03, 0xfc, 0x23, 0x0b, 0x0c, 
    0x30, 0xd9, 0xc3, 0x08, 0xac, 0x66, 0x8c, 0x08, 0xf7, 0x2d, 0xfd, 0x06, 
    0xcd, 0x15, 0x68, 0x07, 0x55, 0xf3, 0x1c, 0x01, 0x13, 0x1b, 0xfe, 0x08, 
    0x64, 0x39, 0xaa, 0x0e, 0xc2, 0x0c, 0x32, 0x02, 0xae, 0x5c, 0x0f, 0x0b, 
    0x4e, 0x8e, 0x28, 0x05, 0xa6, 0x67, 0x3d, 0x0c, 0x59, 0xb2, 0x21, 0x03, 
    0x2a, 0x84, 0x51, 0x09, 0x26, 0xa5, 0xf9, 0x09, 0x3e, 0x51, 0x28, 0x01, 
    0xb5, 0x46, 0x07, 0x06, 0x80, 0xfa, 0x25, 0x05, 0x0e, 0xce, 0x9b, 0x09, 
    0xb1, 0x7d, 0xf8, 0x09, 0x61, 0x9d, 0x93, 0x07, 0x3e, 0xa7, 0xfc, 0x09, 
    0x7b, 0xd2, 0x49, 0x04, 0x9c, 0x9c, 0x07, 0x08, 0xee, 0xfb, 0x21, 0x01, 
    0xfa, 0xe7, 0xbc, 0x0d, 0x83, 0x45, 0x4e, 0x02, 0x1d, 0x6a, 0x78, 0x00, 
    0x90, 0x7b, 0xd9, 0x02, 0x8b, 0xcc, 0x9b, 0x0f, 0xf9, 0x0d, 0x07, 0x07, 
    0x26, 0x09, 0xd5, 0x0e, 0x66, 0xc1, 0x1f, 0x0d, 0x19, 0x8d, 0x0c, 0x08, 
    0xe2, 0xdc, 0x1a, 0x03, 0x7d, 0x1d, 0x53, 0x0e, 0x56, 0x15, 0xa7, 0x0c, 
    0xee, 0x6c, 0x8c, 0x0f, 0x3a, 0x87, 0x15, 0x03, 0x49, 0x0d, 0xef, 0x0b, 
    0xc0, 0x67, 0x41, 0x03, 0xfa, 0xa5, 0x11, 0x03, 0x1c, 0xa8, 0xc9, 0x07, 
    0x29, 0x9c, 0xee, 0x00, 0xab, 0xf0, 0x2c, 0x05, 0x25, 0xfa, 0x6c, 0x04, 
    0xc0, 0xc6, 0xc6, 0x08, 0x7a, 0xaf, 0xf8, 0x02, 0xa6, 0xe0, 0xfa, 0x06, 
    0xe4, 0x1a, 0xf6, 0x0b, 0x21, 0x19, 0xf9, 0x0a, 0xbe, 0xf1, 0x57, 0x0a, 
    0x01, 0x55, 0xe0, 0x00, 0x45, 0xb5, 0xc6, 0x0c, 0xab, 0xb4, 0x21, 0x0f, 
    0xc9, 0xde, 0x71, 0x02, 0x30, 0x33, 0xe4, 0x04, 0x05, 0x58, 0xde, 0x09, 
    0x2c, 0x96, 0x0e, 0x09, 0x51, 0x84, 0xcb, 0x06, 0xe1, 0xab, 0x50, 0x0b, 
    0x05, 0x68, 0x07, 0x0a, 0xb2, 0xed, 0xb4, 0x0e, 0xcf, 0x91, 0x2b, 0x0e, 
    0x89, 0xbb, 0x38, 0x0d, 0x7e, 0x21, 0x18, 0x05, 0xc2, 0xae, 0x17, 0x0c, 
    0x81, 0x18, 0x01, 0x04, 0x80, 0x5d, 0xb6, 0x0d, 0x85, 0xc3, 0xc5, 0x0e, 
    0x6f, 0xa9, 0xe3, 0x06, 0x27, 0x68, 0x56, 0x01, 0x1e, 0x22, 0xcf, 0x0a, 
    0xbb, 0xed, 0x04, 0x09, 0x89, 0x99, 0x1a, 0x0e, 0x7a, 0xe8, 0x58, 0x08, 
    0x8c, 0x7e, 0xe8, 0x08, 0x93, 0x39, 0xa5, 0x04, 0x93, 0xc1, 0xf6, 0x05, 
    0xf8, 0x41, 0xd1, 0x0e, 0xab, 0xb1, 0xaf, 0x04, 0x6c, 0xb4, 0x47, 0x0a, 
    0x7f, 0xbb, 0x34, 0x04, 0xa1, 0xb6, 0x0b, 0x0b, 0x39, 0xf4, 0xd7, 0x0a, 
    0x9b, 0x82, 0xc4, 0x0c, 0xc7, 0xe6, 0x8c, 0x09, 0x21, 0xaf, 0xe1, 0x0b, 
    0xc6, 0xcc, 0x9a, 0x09, 0xba, 0x39, 0x17, 0x02, 0xc3, 0x5a, 0xfc, 0x0a, 
    0xdb, 0xaa, 0x02, 0x02, 0x01, 0x00, 0x33, 0x06, 0xfb, 0xeb, 0xbf, 0x06, 
    0xa0, 0x58, 0x3a, 0x08, 0xe2, 0x29, 0xb9, 0x0c, 0x3d, 0xc7, 0x4b, 0x0c, 
    0x3c, 0xa7, 0x72, 0x06, 0x61, 0x98, 0x66, 0x0a, 0xd1, 0x60, 0x72, 0x03, 
    0x8a, 0xcf, 0xd8, 0x03, 0xe5, 0x24, 0xc1, 0x0e, 0x99, 0xee, 0xf1, 0x0f, 
    0xef, 0x07, 0xc8, 0x00, 0xdc, 0x22, 0x60, 0x04, 0x79, 0x7e, 0xa9, 0x08, 
    0xc6, 0x8c, 0x6a, 0x09, 0xb4, 0x62, 0x95, 0x08, 0x83, 0x31, 0x42, 0x0e, 
    0x15, 0x30, 0xc0, 0x02, 0x54, 0x40, 0xcb, 0x07, 0x3d, 0x6a, 0x87, 0x0c, 
    0xbe, 0x53, 0x95, 0x04, 0xd6, 0xfa, 0xc5, 0x0a, 0xfd, 0xbf, 0x3a, 0x09, 
    0x75, 0xff, 0xc5, 0x09, 0x5b, 0x94, 0xdf, 0x09, 0x50, 0x94, 0x93, 0x06, 
    0x80, 0xd3, 0xd5, 0x03, 0x69, 0xe2, 0x2b, 0x08, 0x53, 0x77, 0x87, 0x0c, 
    0x87, 0xc0, 0x46, 0x01, 0xc6, 0x35, 0x58, 0x0b, 0x72, 0xcc, 0xcc, 0x02, 
    0x47, 0x9f, 0xb5, 0x0a, 0x39, 0xa6, 0x74, 0x0f, 0xe7, 0x58, 0xdf, 0x0b, 
    0xbc, 0x38, 0xc4, 0x06, 0x92, 0x43, 0x4c, 0x04, 0xe6, 0xb5, 0x98, 0x0b, 
    0xe1, 0xce, 0x49, 0x0f, 0xfd, 0x57, 0x34, 0x0b, 0x26, 0xdf, 0xf6, 0x03, 
    0x80, 0xa1, 0x8d, 0x06, 0x5a, 0xb7, 0x9e, 0x0a, 0xe2, 0x01, 0x44, 0x07, 
    0x7a, 0x96, 0xc7, 0x03, 0xa7, 0xc5, 0xdb, 0x03, 0x51, 0xae, 0x77, 0x03, 
    0x45, 0xb6, 0xc3, 0x07, 0xbc, 0x8a, 0x5b, 0x0a, 0x93, 0x5c, 0x94, 0x0e, 
    0x6d, 0x5a, 0xda, 0x04, 0xa4, 0x7a, 0xf2, 0x05, 0x16, 0xb7, 0x27, 0x02, 
    0x95, 0x0b, 0x44, 0x03, 0x3f, 0xcd, 0x6d, 0x0f, 0x45, 0x67, 0xb1, 0x00, 
    0x2e, 0x80, 0xfc, 0x04, 0xaa, 0xba, 0xcd, 0x0e, 0xd3, 0xd9, 0x26, 0x04, 
    0x02, 0xaa, 0x80, 0x02, 0x60, 0x74, 0x3d, 0x0e, 0x51, 0x13, 0x40, 0x0e, 
    0xe0, 0x7a, 0xbf, 0x01, 0x26, 0x4f, 0x4e, 0x00, 0x12, 0x88, 0x02, 0x03, 
    0xfb, 0xdf, 0xf4, 0x08, 0xed, 0x64, 0x30, 0x03, 0x3a, 0x21, 0x20, 0x07, 
    0xa6, 0x1e, 0x72, 0x00, 0x37, 0xb1, 0x2d, 0x00, 0x76, 0x2d, 0xb1, 0x06, 
    0x75, 0x96, 0x13, 0x0c, 0xea, 0xfc, 0x75, 0x0d, 0x6d, 0xb3, 0xa4, 0x0b, 
    0xec, 0xf1, 0x6c, 0x0f, 0x36, 0xce, 0xd0, 0x04, 0xea, 0x8c, 0xb9, 0x08, 
    0x86, 0xad, 0x18, 0x01, 0xee, 0x40, 0x46, 0x06, 0x5c, 0x88, 0x26, 0x0e, 
    0x92, 0x10, 0x9c, 0x06, 0x9e, 0x04, 0xca, 0x02, 0xd2, 0xa4, 0x1c, 0x04, 
    0x21, 0x41, 0x02, 0x00, 0x81, 0xb5, 0x8f, 0x06, 0xec, 0xb6, 0xbb, 0x06, 
    0xef, 0xa9, 0xab, 0x07, 0x44, 0x3e, 0xdb, 0x08, 0xf1, 0x72, 0xfb, 0x0e, 
    0xd0, 0xd4, 0x73, 0x0c, 0x38, 0x6e, 0x11, 0x0d, 0x7c, 0x50, 0xf3, 0x00, 
    0x8c, 0x37, 0x46, 0x09, 0xa7, 0x07, 0xfa, 0x01, 0xa9, 0x01, 0x9d, 0x02, 
    0xf7, 0x65, 0xd0, 0x05, 0xfb, 0x17, 0xe0, 0x0e, 0xa4, 0x0d, 0x16, 0x0e, 
    0x3e, 0xd7, 0x9c, 0x0f, 0x2f, 0xc5, 0xfb, 0x00, 0x5f, 0x6a, 0xdb, 0x08, 
    0x91, 0x17, 0x22, 0x09, 0x71, 0x99, 0x9f, 0x04, 0xa3, 0x8d, 0x90, 0x0e, 
    0x23, 0xae, 0xe8, 0x04, 0x82, 0xe0, 0x8f, 0x09, 0x9a, 0x89, 0x15, 0x01, 
    0x34, 0x83, 0x0e, 0x09, 0xb8, 0xad, 0x03, 0x0a, 0x03, 0xae, 0xe5, 0x03, 
    0x6f, 0x3a, 0x3f, 0x02, 0x51, 0x88, 0xb5, 0x04, 0x7b, 0x26, 0xdd, 0x0d, 
    0xd6, 0x0d, 0x8e, 0x02, 0xa5, 0x7c, 0xd7, 0x0e, 0xe5, 0xa9, 0x6c, 0x0d, 
    0x25, 0x66, 0x51, 0x03, 0x52, 0x0f, 0xe1, 0x02, 0x0d, 0xa4, 0xf3, 0x00, 
    0x64, 0x2d, 0x86, 0x0e, 0xff, 0xce, 0xe9, 0x04, 0x39, 0x78, 0xb1, 0x03, 
    0xd0, 0x09, 0x85, 0x0c, 0xd9, 0x57, 0xed, 0x02, 0xba, 0xf4, 0x21, 0x09, 
    0x31, 0xcc, 0x0d, 0x01, 0xe1, 0x76, 0x1f, 0x0a, 0x87, 0x07, 0x0a, 0x07, 
    0xb4, 0xe4, 0x9c, 0x07, 0x09, 0x8b, 0xa7, 0x07, 0x85, 0xbb, 0xfd, 0x04, 
    0xd4, 0x73, 0x71, 0x05, 0x31, 0xf8, 0x71, 0x0c, 0xad, 0x07, 0x2b, 0x00, 
    0x61, 0x74, 0x9f, 0x0d, 0x7e, 0xae, 0x23, 0x03, 0xa0, 0x46, 0xcc, 0x0d, 
    0x30, 0xc8, 0x6a, 0x03, 0xd2, 0x17, 0x4f, 0x0a, 0x51, 0x98, 0x0c, 0x02, 
    0xa3, 0x21, 0x1c, 0x0c, 0xc7, 0x01, 0xff, 0x0a, 0x47, 0x76, 0x8e, 0x09, 
    0x22, 0x83, 0xe9, 0x03, 0x25, 0xf4, 0x99, 0x0d, 0x85, 0x0e, 0x20, 0x04, 
    0x6f, 0x1e, 0x49, 0x02, 0x9b, 0xb2, 0xfb, 0x0f, 0x4e, 0x58, 0x35, 0x0a, 
    0x06, 0x87, 0x48, 0x06, 0x57, 0xe2, 0xd1, 0x0d, 0x2a, 0xc5, 0xa5, 0x02, 
    0xf7, 0x58, 0xea, 0x0e, 0xca, 0xdd, 0x65, 0x09, 0x02, 0x87, 0xae, 0x0b, 
    0xd6, 0x95, 0xec, 0x0b, 0x7d, 0x65, 0x4d, 0x0c, 0xbd, 0x7b, 0x67, 0x0b, 
    0xb3, 0x21, 0xc5, 0x0f, 0x54, 0x79, 0x03, 0x09, 0x72, 0x0b, 0xd8, 0x0b, 
    0xe2, 0x5d, 0x16, 0x00, 0x45, 0xa3, 0xee, 0x03, 0x4d, 0xf9, 0x93, 0x03, 
    0x94, 0x88, 0xf8, 0x03, 0x6f, 0x99, 0x7f, 0x00, 0xf0, 0x99, 0xd3, 0x0a, 
    0xf1, 0x67, 0xde, 0x05, 0x83, 0x34, 0x27, 0x06, 0x39, 0x04, 0x66, 0x0f, 
    0x44, 0x6b, 0x86, 0x0c, 0xaf, 0xc4, 0x9a, 0x0e, 0x0e, 0x3c, 0xd1, 0x06, 
    0x08, 0x91, 0x0e, 0x09, 0xca, 0x3c, 0xeb, 0x06, 0xb8, 0x11, 0xae, 0x03, 
    0xe3, 0xb7, 0x4a, 0x05, 0x4f, 0x72, 0x5d, 0x07, 0xff, 0xca, 0xaa, 0x06, 
    0x40, 0x3f, 0xc3, 0x04, 0x80, 0x7c, 0x0d, 0x0a, 0x4f, 0xfe, 0xc2, 0x04, 
    0xd9, 0x84, 0xdf, 0x07, 0x0e, 0xab, 0x4d, 0x07, 0xf7, 0xdd, 0xf3, 0x09, 
    0x78, 0x90, 0x64, 0x03, 0xc7, 0xaa, 0x77, 0x00, 0xcf, 0x25, 0xc0, 0x07, 
    0xd1, 0x29, 0xc7, 0x0a, 0x39, 0xfe, 0xe8, 0x05, 0x7b, 0xeb, 0x8c, 0x0b, 
    0xaa, 0x88, 0x3c, 0x03, 0xc6, 0xf6, 0xe4, 0x00, 0x39, 0xd7, 0xa3, 0x04, 
    0xfd, 0x30, 0x47, 0x01, 0xed, 0xff, 0x16, 0x07, 0xe0, 0xd4, 0x6f, 0x07, 
    0x6b, 0x18, 0x35, 0x02, 0x1c, 0x59, 0x69, 0x0b, 0x57, 0xd9, 0xb3, 0x05, 
    0xcb, 0x76, 0x21, 0x08, 0x1f, 0xb3, 0x07, 0x0c, 0x29, 0x99, 0xe7, 0x08, 
    0xad, 0x71, 0xdb, 0x08, 0x24, 0x1f, 0xe0, 0x07, 0x69, 0x95, 0x29, 0x09, 
    0x52, 0xaa, 0xcf, 0x0b, 0x14, 0xa2, 0x77, 0x0f, 0x9b, 0x38, 0x4e, 0x06, 
    0x99, 0xa4, 0xab, 0x07, 0xe2, 0x24, 0xf2, 0x0d, 0xc2, 0x25, 0x66, 0x06, 
    0xb4, 0x2f, 0xb7, 0x04, 0xaf, 0xd6, 0xac, 0x01, 0x8b, 0x45, 0x56, 0x0b, 
    0x0e, 0x50, 0xaf, 0x08, 0xc3, 0x40, 0x9d, 0x03, 0xb8, 0x99, 0x00, 0x0f, 
    0x9b, 0xa9, 0x32, 0x04, 0xa1, 0x7c, 0x0b, 0x0d, 0x40, 0x87, 0x68, 0x07, 
    0x56, 0xbf, 0x07, 0x0a, 0x45, 0xcd, 0xbd, 0x0d, 0x91, 0x08, 0x23, 0x0b, 
    0x6d, 0xd3, 0xc1, 0x05, 0x6e, 0xc6, 0x35, 0x05, 0x57, 0x19, 0xb2, 0x02, 
    0xdd, 0x3e, 0x51, 0x01, 0x75, 0x35, 0xf8, 0x0e, 0xb2, 0x84, 0x2a, 0x02, 
    0xf9, 0x33, 0xc9, 0x08, 0x16, 0x6e, 0x22, 0x07, 0xb0, 0xfe, 0x03, 0x0d, 
    0x44, 0x14, 0xad, 0x04, 0x16, 0x86, 0x78, 0x0f, 0x2b, 0x05, 0x92, 0x01, 
    0x54, 0x7d, 0x8f, 0x06, 0xfa, 0xd6, 0xfa, 0x0e, 0xc3, 0x32, 0x39, 0x06, 
    0x52, 0x34, 0x53, 0x00, 0x9c, 0x06, 0xf2, 0x0b, 0x2f, 0x19, 0x55, 0x08, 
    0x03, 0xcd, 0xfe, 0x07, 0x65, 0x4f, 0x63, 0x0b, 0x17, 0x33, 0xb3, 0x0e, 
    0x5b, 0x3a, 0x14, 0x00, 0xc9, 0x99, 0x46, 0x0a, 0x61, 0x30, 0x22, 0x0f, 
    0x7f, 0xc3, 0x9d, 0x0f, 0x5e, 0x6e, 0x21, 0x02, 0xe0, 0x83, 0x3f, 0x02, 
    0xb7, 0x0e, 0x92, 0x0b, 0xc9, 0x92, 0x28, 0x08, 0x33, 0xc3, 0x61, 0x0f, 
    0xf1, 0xd3, 0xc3, 0x0e, 0xf2, 0x4e, 0x8b, 0x09, 0xd8, 0xd6, 0x31, 0x0e, 
    0x3a, 0x15, 0x5b, 0x09, 0x90, 0x38, 0x81, 0x01, 0x12, 0xd8, 0x25, 0x05, 
    0x97, 0xfd, 0x86, 0x09, 0xe7, 0xe8, 0x3f, 0x0d, 0xcb, 0x03, 0x55, 0x03, 
    0x17, 0xba, 0xb6, 0x05, 0xe7, 0x47, 0x93, 0x02, 0x34, 0xa6, 0x94, 0x01, 
    0xcb, 0xdb, 0x88, 0x05, 0x30, 0x60, 0xae, 0x05, 0x46, 0xa6, 0x63, 0x0c, 
    0xdc, 0xd4, 0xee, 0x05, 0x6e, 0x4d, 0x14, 0x02, 0xd5, 0x9a, 0xb4, 0x0f, 
    0x9c, 0x46, 0x60, 0x0d, 0xe6, 0x50, 0x1e, 0x07, 0x54, 0x85, 0x94, 0x0a, 
    0x60, 0x89, 0x7b, 0x07, 0x9c, 0x89, 0x0b, 0x0f, 0xe6, 0xe8, 0xd8, 0x0d, 
    0x45, 0x5c, 0x12, 0x09, 0x41, 0x6d, 0xea, 0x09, 0x8f, 0x7c, 0x84, 0x0a, 
    0xad, 0x9e, 0xe6, 0x01, 0x12, 0xbf, 0xbe, 0x04, 0xae, 0x78, 0xf3, 0x00, 
    0x76, 0x3a, 0xe1, 0x00, 0x9d, 0xe0, 0xb9, 0x02, 0x0d, 0x75, 0xef, 0x02, 
    0x04, 0x01, 0x92, 0x0c, 0xd7, 0xf9, 0x26, 0x08, 0x64, 0x24, 0x86, 0x02, 
    0x2c, 0xc3, 0x73, 0x03, 0x58, 0x3e, 0x85, 0x01, 0x8c, 0xf5, 0x8f, 0x00, 
    0x55, 0x7d, 0x38, 0x0a, 0xc8, 0x00, 0xc7, 0x0b, 0x51, 0xb2, 0x87, 0x0e, 
    0xb8, 0x1f, 0xbc, 0x03, 0xaf, 0x86, 0xa3, 0x05, 0x67, 0x40, 0xd8, 0x09, 
    0x49, 0xd2, 0x18, 0x05, 0xac, 0xe2, 0x0d, 0x05, 0x33, 0xa6, 0xc8, 0x0a, 
    0x9e, 0xf9, 0xf0, 0x0c, 0x4f, 0xe2, 0x10, 0x0a, 0xcf, 0x53, 0x61, 0x07, 
    0xf5, 0xc7, 0x96, 0x06, 0x02, 0x75, 0x77, 0x08, 0xf8, 0x53, 0x1c, 0x0f, 
    0x5a, 0xae, 0x9d, 0x07, 0x50, 0x84, 0xb9, 0x0c, 0x39, 0x01, 0x0e, 0x0a, 
    0x0e, 0xed, 0x44, 0x0d, 0x1a, 0xff, 0x12, 0x0d, 0x02, 0x71, 0xea, 0x04, 
    0x76, 0x4f, 0xc1, 0x07, 0xa8, 0x46, 0xcf, 0x0e, 0x7c, 0x04, 0x56, 0x0c, 
    0x7d, 0xf3, 0x37, 0x0d, 0xa0, 0x0a, 0x2b, 0x06, 0x3a, 0x4f, 0x74, 0x09, 
    0xa0, 0x30, 0xbf, 0x06, 0x32, 0x78, 0xb2, 0x07, 0x28, 0x88, 0x8b, 0x0b, 
    0x16, 0x07, 0xbd, 0x0d, 0x11, 0xe4, 0xe8, 0x0e, 0xba, 0xd3, 0xe3, 0x0b, 
    0x98, 0xe9, 0x3e, 0x0c, 0xff, 0x90, 0xe4, 0x0b, 0x65, 0x7d, 0xfc, 0x0f, 
    0xe3, 0x4f, 0x00, 0x01, 0x66, 0x74, 0x1b, 0x07, 0x8f, 0x45, 0x0c, 0x04, 
    0xd2, 0x3f, 0x03, 0x06, 0x36, 0x6c, 0x94, 0x0e, 0x04, 0x6e, 0x20, 0x05, 
    0xe3, 0xb8, 0x0a, 0x0d, 0x93, 0x8e, 0x5a, 0x0d, 0x7f, 0x16, 0xac, 0x08, 
    0x2f, 0x51, 0x01, 0x0f, 0x53, 0xa1, 0xdf, 0x0a, 0x4b, 0xdf, 0x6e, 0x08, 
    0x12, 0x4d, 0xe2, 0x0a, 0x40, 0xf5, 0x19, 0x09, 0xcf, 0xd2, 0xe8, 0x07, 
    0x2d, 0x2b, 0x12, 0x05, 0x1d, 0xd0, 0x69, 0x0c, 0x6c, 0x33, 0xa4, 0x0d, 
    0x2b, 0xfe, 0xcf, 0x00, 0x50, 0x70, 0x9f, 0x05, 0x7e, 0x46, 0xbd, 0x02, 
    0x44, 0xc0, 0x86, 0x03, 0xbd, 0x03, 0xbb, 0x0d, 0x09, 0x19, 0x0b, 0x04, 
    0xbd, 0xf7, 0x25, 0x07, 0x68, 0x41, 0xe5, 0x00, 0x7c, 0x6e, 0x66, 0x09, 
    0x65, 0x0c, 0x75, 0x07, 0x26, 0x24, 0xdf, 0x03, 0x87, 0x46, 0x93, 0x05, 
    0xed, 0xa4, 0x57, 0x08, 0x60, 0xfc, 0xd4, 0x0d, 0x27, 0x24, 0x20, 0x01, 
    0xb1, 0xf9, 0x67, 0x01, 0x3f, 0xee, 0x6a, 0x05, 0xad, 0xff, 0x65, 0x05, 
    0x20, 0x2d, 0xdd, 0x04, 0xe8, 0x70, 0xfd, 0x0f, 0x9e, 0xa5, 0x0b, 0x04, 
    0x1b, 0xb5, 0x68, 0x02, 0x82, 0xad, 0xc2, 0x0d, 0x3e, 0x88, 0x9a, 0x0e, 
    0xd3, 0x54, 0x21, 0x0c, 0x4e, 0xc6, 0x8b, 0x03, 0x7f, 0xba, 0xff, 0x0a, 
    0x7a, 0x6a, 0x0d, 0x07, 0xbd, 0x61, 0xb4, 0x01, 0x0a, 0x9e, 0x5b, 0x09, 
    0x63, 0x50, 0xbd, 0x09, 0x45, 0xe4, 0x37, 0x05, 0x8d, 0xcb, 0xc6, 0x04, 
    0x62, 0x54, 0x6e, 0x0a, 0x1a, 0x11, 0xc2, 0x02, 0xb3, 0x97, 0x3d, 0x07, 
    0x53, 0xa3, 0xf6, 0x09, 0xab, 0xd7, 0xf9, 0x02, 0x89, 0x96, 0x2b, 0x04, 
    0xbc, 0xc7, 0x0a, 0x03, 0x46, 0x57, 0xc8, 0x04, 0xa0, 0xaf, 0x4c, 0x0a, 
    0xbe, 0xba, 0xe6, 0x0e, 0x22, 0x3b, 0x61, 0x08, 0x2f, 0xfa, 0x14, 0x07, 
    0x9d, 0x90, 0x10, 0x0f, 0x39, 0x8b, 0x49, 0x0f, 0x37, 0x91, 0x0c, 0x05, 
    0x51, 0x76, 0xe7, 0x0d, 0xad, 0x25, 0xd5, 0x09, 0x99, 0x0e, 0x8d, 0x06, 
    0xfd, 0x04, 0x45, 0x02, 0xe1, 0xd6, 0x0f, 0x0a, 0xdc, 0xb1, 0x51, 0x01, 
    0x5b, 0x38, 0xdf, 0x04, 0xd2, 0xcd, 0x1b, 0x04, 0x2c, 0x2e, 0x00, 0x0e, 
    0x0b, 0x69, 0x97, 0x09, 0xd0, 0xa0, 0x15, 0x01, 0x18, 0xcd, 0xa5, 0x09, 
    0x17, 0x59, 0xed, 0x00, 0xa3, 0x3d, 0xbc, 0x03, 0x1d, 0xaf, 0xbb, 0x0b, 
    0x6b, 0xbe, 0x51, 0x00, 0x58, 0xc9, 0x29, 0x0a, 0x43, 0x54, 0x89, 0x07, 
    0x9b, 0xae, 0x15, 0x0a, 0xf9, 0xff, 0xe1, 0x0f, 0x20, 0x14, 0x4a, 0x0a, 
    0xb1, 0x7c, 0x39, 0x04, 0xa4, 0xe2, 0xff, 0x0b, 0x3d, 0x12, 0xdb, 0x0c, 
    0x24, 0x05, 0xeb, 0x0a, 0x7a, 0xe9, 0x85, 0x04, 0x44, 0xcc, 0xa7, 0x03, 
    0xec, 0x6c, 0x00, 0x08, 0xdb, 0xf6, 0x23, 0x06, 0x5e, 0x3a, 0xd5, 0x0f, 
    0xd7, 0xc5, 0x0f, 0x01, 0xfc, 0xb3, 0xc4, 0x01, 0x33, 0x67, 0x74, 0x0a, 
    0x6b, 0x71, 0x5e, 0x0d, 0xff, 0x3b, 0x32, 0x08, 0xd7, 0x2f, 0x2c, 0x09, 
    0x27, 0xbb, 0x71, 0x07, 0xa2, 0x02, 0x33, 0x02, 0x10, 0xce, 0x9f, 0x07, 
    0x27, 0xa8, 0x60, 0x0a, 0xb9, 0xec, 0x15, 0x0b, 0xf0, 0x79, 0x86, 0x0d, 
    0xae, 0x01, 0x55, 0x06, 0x02, 0xb3, 0xe2, 0x0e, 0xe8, 0xac, 0x93, 0x00, 
    0x77, 0x72, 0xeb, 0x01, 0x97, 0xa2, 0xbf, 0x09, 0xdc, 0xe9, 0xc2, 0x04, 
    0x2e, 0x88, 0x81, 0x03, 0xfc, 0x6e, 0x90, 0x0d, 0x2d, 0x53, 0x7e, 0x00, 
    0xf0, 0x56, 0x10, 0x0f, 0xdd, 0xc5, 0xdf, 0x09, 0x57, 0x7e, 0x10, 0x0a, 
    0x46, 0xcf, 0xc5, 0x07, 0xbd, 0xb5, 0xd1, 0x0a, 0xb4, 0xbf, 0xfe, 0x09, 
    0x79, 0xc0, 0x0c, 0x0c, 0xac, 0x27, 0xa8, 0x0e, 0x7f, 0x89, 0xbf, 0x09, 
    0xe3, 0xb4, 0x18, 0x0a, 0x13, 0xf2, 0xbf, 0x0f, 0x47, 0x50, 0x8b, 0x08, 
    0xb8, 0x2d, 0x7d, 0x08, 0x61, 0x1f, 0x45, 0x06, 0x3c, 0xb5, 0x08, 0x08, 
    0xb5, 0x4e, 0x1e, 0x0c, 0xe1, 0x92, 0x02, 0x00, 0xed, 0xac, 0x78, 0x02, 
    0xfc, 0xbe, 0xa5, 0x04, 0xb8, 0x10, 0xf6, 0x09, 0xaf, 0xb8, 0x89, 0x0d, 
    0x7a, 0x13, 0x62, 0x05, 0xc1, 0x82, 0x23, 0x0d, 0x49, 0x6a, 0xc3, 0x05, 
    0x44, 0xd5, 0x51, 0x02, 0x15, 0x11, 0xfd, 0x04, 0x3d, 0x4f, 0x4e, 0x02, 
    0x43, 0x42, 0x10, 0x07, 0x1f, 0x29, 0xe1, 0x00, 0x77, 0x5b, 0x0f, 0x06, 
    0x24, 0xba, 0xac, 0x0d, 0xa4, 0x30, 0x1c, 0x05, 0x19, 0xad, 0x98, 0x09, 
    0x11, 0x6a, 0x9f, 0x0f, 0xd3, 0x7a, 0xfd, 0x04, 0xc9, 0xe0, 0xc3, 0x0c, 
    0xba, 0xdd, 0xbc, 0x08, 0xa9, 0x21, 0x48, 0x0e, 0xdd, 0x2c, 0xf1, 0x07, 
    0x6f, 0x9f, 0x5e, 0x0f, 0x04, 0xc0, 0x91, 0x06, 0xa4, 0xfa, 0x8e, 0x01, 
    0xc4, 0x6f, 0x8c, 0x01, 0xb2, 0x8d, 0x4f, 0x05, 0xff, 0xb1, 0xe9, 0x0e, 
    0x5d, 0xc2, 0xbe, 0x0c, 0x1d, 0xd7, 0x04, 0x02, 0x0f, 0xc3, 0xb7, 0x01, 
    0x82, 0xc9, 0xe4, 0x0c, 0x89, 0xa1, 0x7f, 0x0c, 0xec, 0x80, 0xa7, 0x0f, 
    0xc0, 0x21, 0xcc, 0x06, 0x40, 0xaf, 0xa6, 0x06, 0xa1, 0x7d, 0xa4, 0x09, 
    0xb1, 0x72, 0xa1, 0x03, 0x8a, 0x5a, 0xf7, 0x0f, 0x16, 0xb9, 0xbc, 0x0b, 
    0xfc, 0x83, 0xff, 0x0d, 0x5e, 0x73, 0x1b, 0x04, 0x10, 0x17, 0x73, 0x0a, 
    0xca, 0x05, 0x3e, 0x0b, 0xa1, 0x3b, 0xea, 0x04, 0x44, 0x2f, 0xc9, 0x0f, 
    0xef, 0x77, 0x5b, 0x06, 0xe9, 0x0f, 0xdd, 0x04, 0xf9, 0x57, 0x21, 0x07, 
    0xf0, 0x7d, 0x2b, 0x03, 0x8d, 0x42, 0x65, 0x0b, 0x1e, 0xa0, 0xd1, 0x04, 
    0xa7, 0x6a, 0x6b, 0x0f, 0x41, 0x96, 0xb4, 0x07, 0x74, 0x3e, 0x03, 0x04, 
    0x43, 0xda, 0xe8, 0x00, 0x1b, 0x30, 0xec, 0x0f, 0xba, 0xc6, 0x06, 0x06, 
    0xc5, 0x8c, 0xca, 0x06, 0x29, 0xfb, 0xd7, 0x04, 0xdd, 0x4a, 0xe3, 0x04, 
    0xe7, 0x27, 0x15, 0x0c, 0x34, 0xe4, 0xc2, 0x05, 0x39, 0x89, 0x47, 0x0e, 
    0xc2, 0x10, 0x29, 0x0f, 0xf1, 0x4d, 0x42, 0x07, 0x26, 0x6b, 0x4c, 0x00, 
    0x9f, 0xe5, 0x76, 0x04, 0xe4, 0x8d, 0x21, 0x07, 0x4c, 0x64, 0x5b, 0x02, 
    0xbb, 0x1a, 0x4e, 0x0d, 0x62, 0x71, 0x8f, 0x03, 0xe9, 0x0d, 0xa7, 0x05, 
    0xf9, 0xf3, 0xf2, 0x07, 0xea, 0x22, 0x72, 0x01, 0xd5, 0x22, 0x20, 0x0b, 
    0xc0, 0x2b, 0xa5, 0x02, 0xea, 0x3b, 0x6f, 0x00, 0x7e, 0xae, 0x0f, 0x03, 
    0x47, 0xf0, 0x1f, 0x0f, 0xe6, 0xd8, 0x4b, 0x09, 0xba, 0xd7, 0xfd, 0x06, 
    0x2c, 0x07, 0xf4, 0x0b, 0x76, 0x6d, 0x69, 0x07, 0xba, 0xce, 0x60, 0x03, 
    0x01, 0xc1, 0x40, 0x07, 0x56, 0x00, 0x90, 0x0b, 0x00, 0x6b, 0x3b, 0x0a, 
    0x38, 0xb8, 0x72, 0x01, 0xe2, 0x23, 0x82, 0x0c, 0x3b, 0x54, 0xc6, 0x04, 
    0x76, 0x3c, 0x41, 0x07, 0xeb, 0x32, 0x5f, 0x0f, 0x2f, 0x94, 0x2f, 0x09, 
    0xa8, 0xb0, 0xbc, 0x0d, 0x62, 0x81, 0x76, 0x0f, 0xdd, 0x13, 0x38, 0x0a, 
    0xca, 0x63, 0x82, 0x01, 0x09, 0xff, 0x1f, 0x06, 0xa5, 0x67, 0xda, 0x0c, 
    0x70, 0x42, 0x94, 0x03, 0x2a, 0xfe, 0xeb, 0x0e, 0x35, 0x74, 0x0a, 0x08, 
    0xc0, 0x4c, 0x5b, 0x03, 0x60, 0xff, 0x2b, 0x09, 0x6a, 0xfd, 0xf5, 0x04, 
    0xf1, 0x8a, 0x97, 0x0e, 0x91, 0xb8, 0xba, 0x00, 0x8a, 0x2b, 0xb7, 0x0d, 
    0x26, 0x6f, 0x6c, 0x02, 0x2b, 0x66, 0xdc, 0x01, 0xf4, 0x8c, 0xd9, 0x02, 
    0xde, 0x4d, 0xd2, 0x0f, 0x1a, 0x1e, 0xb6, 0x06, 0x77, 0xf5, 0xd6, 0x07, 
    0x15, 0x0a, 0xe1, 0x08, 0xd2, 0xcf, 0x54, 0x0c, 0x71, 0xa8, 0x7f, 0x0d, 
    0xe0, 0xb8, 0x99, 0x07, 0xf9, 0x18, 0x2a, 0x0d, 0x53, 0xce, 0xc4, 0x03, 
    0x65, 0x07, 0x83, 0x0a, 0xba, 0x23, 0x7a, 0x0e, 0x7c, 0xfb, 0x50, 0x02, 
    0x37, 0x1d, 0xf9, 0x0f, 0xd1, 0xd3, 0x09, 0x07, 0x6b, 0x36, 0xd0, 0x0f, 
    0x0a, 0x9e, 0x8e, 0x0b, 0x80, 0xdd, 0xc5, 0x09, 0xde, 0x0c, 0x48, 0x0b, 
    0x8f, 0x6e, 0x4e, 0x0b, 0x97, 0x97, 0x98, 0x0d, 0x60, 0x80, 0xe4, 0x00, 
    0x16, 0x94, 0xaa, 0x08, 0x24, 0xbc, 0x5c, 0x0d, 0xee, 0x1d, 0x23, 0x0d, 
    0x02, 0x94, 0xb1, 0x04, 0x97, 0x2a, 0x05, 0x0e, 0x82, 0x3e, 0xbd, 0x0a, 
    0x42, 0xd5, 0xc2, 0x02, 0x06, 0xf7, 0x57, 0x08, 0x7c, 0x96, 0x85, 0x03, 
    0xf5, 0x5b, 0x38, 0x08, 0xe3, 0xaa, 0x2a, 0x04, 0x4d, 0x72, 0xba, 0x0a, 
    0xfa, 0x8b, 0x35, 0x0d, 0x83, 0xe0, 0xb6, 0x00, 0x0a, 0xc3, 0xe4, 0x0e, 
    0xb6, 0x04, 0xa1, 0x0d, 0xed, 0x9a, 0x01, 0x0b, 0x03, 0x6c, 0x46, 0x0c, 
    0xdc, 0xa3, 0x58, 0x03, 0x97, 0xf3, 0x38, 0x09, 0x40, 0x7d, 0xcb, 0x05, 
    0x9a, 0x90, 0xd0, 0x07, 0x8c, 0x74, 0xa7, 0x08, 0x85, 0x8d, 0x0f, 0x02, 
    0xc9, 0xa3, 0x9d, 0x0c, 0x86, 0x8a, 0xe8, 0x04, 0xb8, 0x13, 0x6c, 0x0b, 
    0x15, 0x9d, 0xa0, 0x09, 0x05, 0x09, 0xbf, 0x00, 0xd4, 0xfd, 0x6e, 0x01, 
    0xa9, 0xb5, 0x09, 0x01, 0xea, 0x2b, 0x26, 0x03, 0x9f, 0x58, 0x6e, 0x01, 
    0xf5, 0x60, 0x21, 0x0b, 0x13, 0xc5, 0x40, 0x06, 0x08, 0xe9, 0xee, 0x0e, 
    0xef, 0x01, 0xe1, 0x09, 0x8c, 0xac, 0x27, 0x06, 0x30, 0x3c, 0x79, 0x02, 
    0x6e, 0xf4, 0x10, 0x08, 0x76, 0xdb, 0x96, 0x00, 0xaf, 0x50, 0x0b, 0x05, 
    0x5a, 0x71, 0xc9, 0x0a, 0x93, 0x2b, 0x9c, 0x08, 0x5c, 0xf3, 0x98, 0x0d, 
    0x86, 0xdc, 0x0c, 0x09, 0x49, 0xcb, 0xe4, 0x0d, 0xcf, 0x4b, 0x4a, 0x0e, 
    0x8e, 0x7d, 0xd0, 0x07, 0x87, 0x6b, 0xaf, 0x06, 0x50, 0xac, 0x59, 0x0e, 
    0x22, 0xcb, 0x56, 0x0c, 0x39, 0xc0, 0xf5, 0x01, 0xd4, 0x54, 0x0d, 0x06, 
    0x95, 0x5f, 0xb5, 0x07, 0x78, 0xd8, 0x32, 0x09, 0x8c, 0x61, 0x0e, 0x05, 
    0x79, 0x9b, 0x75, 0x07, 0x5f, 0xf8, 0x88, 0x05, 0x80, 0xd9, 0xa9, 0x0a, 
    0xeb, 0xc7, 0xb7, 0x0c, 0x34, 0x96, 0xb7, 0x01, 0x17, 0x6c, 0xda, 0x0c, 
    0xa1, 0x94, 0xcd, 0x06, 0xeb, 0xbb, 0x4e, 0x06, 0x11, 0x68, 0xfe, 0x08, 
    0xbe, 0x0a, 0xff, 0x0d, 0x61, 0x71, 0xc9, 0x05, 0x04, 0x9a, 0xee, 0x08, 
    0x24, 0x14, 0x2d, 0x0f, 0x4f, 0x6f, 0xee, 0x06, 0x1f, 0xc4, 0xae, 0x00, 
    0x86, 0x96, 0xbb, 0x01, 0x8b, 0xd1, 0x26, 0x0e, 0x3d, 0x61, 0xba, 0x04, 
    0x65, 0x67, 0xc7, 0x07, 0xad, 0x1e, 0x48, 0x00, 0x7c, 0xa2, 0xb8, 0x0e, 
    0xeb, 0x1c, 0xb5, 0x09, 0xc3, 0xb1, 0x28, 0x0c, 0xf1, 0x02, 0x2d, 0x00, 
    0x54, 0x0d, 0x18, 0x0e, 0x0a, 0x70, 0x11, 0x06, 0x46, 0x83, 0x45, 0x08, 
    0x48, 0xe4, 0x93, 0x0b, 0xcc, 0x3a, 0xec, 0x04, 0x39, 0xf8, 0xcc, 0x0c, 
    0xff, 0xca, 0x6d, 0x0c, 0xc9, 0x15, 0xf7, 0x0a, 0x18, 0xce, 0xa2, 0x08, 
    0x5d, 0x80, 0x9a, 0x03, 0xbc, 0x5d, 0xbc, 0x00, 0x44, 0x7d, 0x7b, 0x05, 
    0xb9, 0xce, 0x3d, 0x01, 0xc4, 0xee, 0x51, 0x04, 0xe4, 0x55, 0xd6, 0x04, 
    0x72, 0xfc, 0x28, 0x07, 0x3e, 0xc7, 0xb1, 0x01, 0xd6, 0x01, 0xd0, 0x0c, 
    0xd9, 0x1a, 0x7c, 0x09, 0x93, 0xd5, 0x3a, 0x02, 0x65, 0x2c, 0x3e, 0x0a, 
    0x33, 0x39, 0x4e, 0x0d, 0x1e, 0xf9, 0xe9, 0x0f, 0x94, 0xaa, 0xf3, 0x0c, 
    0x64, 0x93, 0xd4, 0x00, 0x69, 0xd7, 0x42, 0x06, 0x09, 0xf3, 0x58, 0x0d, 
    0xae, 0x00, 0xfa, 0x07, 0x78, 0x76, 0xb2, 0x04, 0xa0, 0x9f, 0x2a, 0x03, 
    0x2d, 0x3a, 0x45, 0x05, 0x2d, 0x52, 0x83, 0x01, 0x3c, 0x7b, 0xb0, 0x04, 
    0xbc, 0xbf, 0x1b, 0x07, 0x26, 0x0d, 0x88, 0x0b, 0xc0, 0x66, 0x07, 0x08, 
    0xb9, 0xf3, 0xca, 0x0a, 0x0d, 0xc7, 0xcb, 0x04, 0xea, 0x2d, 0xe9, 0x08, 
    0xe2, 0xe6, 0xc3, 0x04, 0x76, 0x7d, 0xe6, 0x03, 0x86, 0x7a, 0xfe, 0x06, 
    0x32, 0xc4, 0x0e, 0x06, 0x1b, 0xc9, 0x91, 0x0f, 0xb5, 0x5e, 0x58, 0x06, 
    0xfe, 0xac, 0xd0, 0x03, 0xac, 0x54, 0xee, 0x0c, 0xb9, 0x3c, 0xa7, 0x06, 
    0xda, 0x6c, 0x35, 0x0e, 0xbb, 0x1d, 0x6e, 0x0c, 0xa6, 0x14, 0xce, 0x0e, 
    0xef, 0x92, 0x88, 0x08, 0xa3, 0xcd, 0xa5, 0x0f, 0xa6, 0xb1, 0x44, 0x0d, 
    0xcd, 0xeb, 0xd9, 0x0d, 0x87, 0x0c, 0x16, 0x0d, 0xe5, 0xda, 0x5f, 0x0c, 
    0x70, 0x15, 0xba, 0x08, 0x6a, 0x59, 0x06, 0x02, 0xbf, 0x6f, 0xec, 0x02, 
    0x6a, 0x3c, 0x85, 0x06, 0x15, 0x0c, 0x91, 0x02, 0x08, 0x61, 0x68, 0x0e, 
    0x39, 0xdb, 0x74, 0x0f, 0x17, 0x88, 0x14, 0x0e, 0xac, 0xfe, 0x43, 0x00, 
    0x75, 0xe6, 0xb1, 0x07, 0x50, 0x36, 0xe9, 0x00, 0x15, 0xe6, 0x7a, 0x07, 
    0x94, 0x91, 0xeb, 0x01, 0x60, 0x89, 0x3a, 0x08, 0xb1, 0x39, 0x73, 0x0b, 
    0x24, 0x52, 0xa2, 0x0c, 0xb5, 0xf3, 0x5b, 0x06, 0x87, 0xc2, 0x2c, 0x0d, 
    0x7a, 0xb8, 0xfb, 0x03, 0x1c, 0x17, 0xd0, 0x05, 0xd6, 0xe1, 0x69, 0x01, 
    0xdb, 0x9a, 0x8a, 0x01, 0x52, 0x17, 0x33, 0x0a, 0x57, 0x55, 0x0f, 0x03, 
    0xcd, 0xef, 0xcf, 0x02, 0x48, 0xb0, 0x28, 0x06, 0x03, 0xb9, 0xc9, 0x04, 
    0x19, 0x3d, 0x1d, 0x02, 0xd8, 0xda, 0x93, 0x02, 0x55, 0x30, 0x2b, 0x0f, 
    0xe2, 0x4b, 0x67, 0x08, 0x71, 0xc5, 0x70, 0x08, 0xfe, 0xc8, 0xf9, 0x0a, 
    0x3b, 0x6f, 0x7f, 0x0a, 0xc8, 0x56, 0xe7, 0x03, 0xf7, 0x17, 0x22, 0x06, 
    0x6b, 0xf3, 0xca, 0x05, 0xb0, 0x57, 0xf2, 0x05, 0xfb, 0x2f, 0x3d, 0x0b, 
    0x11, 0xf2, 0x80, 0x03, 0x9f, 0x4a, 0xc1, 0x0a, 0xcc, 0x51, 0xaa, 0x05, 
    0x65, 0x55, 0xef, 0x08, 0x6e, 0xb0, 0xa1, 0x06, 0x9d, 0x2e, 0xfd, 0x0b, 
    0x1a, 0x0a, 0xf1, 0x08, 0xbc, 0x74, 0x64, 0x0c, 0xd6, 0xa6, 0xd3, 0x0c, 
    0x72, 0x95, 0x93, 0x05, 0xea, 0x26, 0x81, 0x02, 0x70, 0x6e, 0xd1, 0x02, 
    0xf5, 0xd1, 0xc5, 0x02, 0xe8, 0x82, 0xac, 0x00, 0x91, 0x7f, 0x15, 0x0a, 
    0xae, 0x7c, 0xbb, 0x0d, 0xe1, 0x8b, 0x36, 0x0d, 0x75, 0x4a, 0x1f, 0x0e, 
    0xc9, 0x4c, 0x40, 0x0c, 0xee, 0xc0, 0xcc, 0x03, 0xc6, 0x7a, 0x83, 0x0a, 
    0xcb, 0x59, 0xeb, 0x0e, 0x02, 0x36, 0x82, 0x0a, 0x33, 0x20, 0xa1, 0x02, 
    0xa4, 0x48, 0x3e, 0x0a, 0x06, 0xf1, 0x7b, 0x0b, 0xbe, 0x90, 0xd6, 0x02, 
    0x8a, 0x86, 0x92, 0x00, 0x39, 0x5a, 0x24, 0x0d, 0x51, 0xc0, 0x1c, 0x08, 
    0x1d, 0x7d, 0xe3, 0x01, 0x0f, 0x75, 0x1c, 0x0d, 0x43, 0x9f, 0x44, 0x00, 
    0x13, 0x41, 0x07, 0x03, 0x96, 0xe6, 0x0d, 0x0e, 0x67, 0x2e, 0xf7, 0x07, 
    0xf9, 0x08, 0x2a, 0x03, 0x06, 0x2c, 0x89, 0x09, 0x5f, 0x59, 0x1c, 0x06, 
    0x09, 0xea, 0xc0, 0x0a, 0x3b, 0x0f, 0x5c, 0x04, 0x00, 0x87, 0xc7, 0x0f, 
    0xd9, 0xb2, 0x52, 0x06, 0x0e, 0x1b, 0x7f, 0x0f, 0xcc, 0x37, 0xc9, 0x0f, 
    0x79, 0x96, 0x78, 0x09, 0x41, 0x75, 0xa9, 0x00, 0xd4, 0xe2, 0x56, 0x09, 
    0x8a, 0x46, 0x0b, 0x07, 0x80, 0xf4, 0x1d, 0x00, 0xaa, 0xdc, 0xcd, 0x09, 
    0x37, 0x60, 0xdf, 0x01, 0xe1, 0xaf, 0xf5, 0x07, 0x85, 0x35, 0xcc, 0x00, 
    0x03, 0x65, 0xfd, 0x0a, 0x0f, 0x36, 0x52, 0x02, 0x3b, 0xe0, 0xfd, 0x0f, 
    0x07, 0xcc, 0x6f, 0x04, 0xeb, 0xba, 0xa3, 0x0a, 0x45, 0xa3, 0x01, 0x02, 
    0x7a, 0x15, 0xe0, 0x08, 0xfc, 0x6b, 0xa4, 0x00, 0x90, 0xf5, 0xc3, 0x0b, 
    0xf3, 0x0a, 0x0e, 0x0c, 0x04, 0x21, 0x2b, 0x0e, 0xaa, 0x4a, 0x47, 0x00, 
    0x4f, 0x82, 0x38, 0x0a, 0x82, 0xa5, 0x04, 0x05, 0xa0, 0x73, 0x11, 0x0f, 
    0xea, 0x98, 0x4f, 0x04, 0xd3, 0xb1, 0x6f, 0x09, 0xfe, 0xa3, 0xb3, 0x02, 
    0x31, 0x69, 0x2a, 0x0b, 0xd0, 0x82, 0x59, 0x01, 0xa7, 0xe9, 0xa0, 0x0a, 
    0xbe, 0xbd, 0x85, 0x07, 0xb0, 0x4d, 0x21, 0x0b, 0x39, 0x83, 0x04, 0x05, 
    0xc1, 0x80, 0xd4, 0x05, 0xdf, 0xc4, 0x9c, 0x08, 0x92, 0xb3, 0x76, 0x08, 
    0x53, 0xa9, 0x10, 0x0c, 0xe5, 0x36, 0xcf, 0x03, 0x67, 0x92, 0xd8, 0x0e, 
    0x74, 0xae, 0x8b, 0x0f, 0x2e, 0xe8, 0x00, 0x03, 0x18, 0x63, 0xf5, 0x0e, 
    0x4b, 0x72, 0xc6, 0x01, 0x35, 0x79, 0xd0, 0x08, 0xfd, 0x5d, 0xdf, 0x04, 
    0xe0, 0xb9, 0x0d, 0x0b, 0x8e, 0x40, 0x47, 0x07, 0x8b, 0x5a, 0xc5, 0x02, 
    0xc9, 0x65, 0x9d, 0x05, 0x78, 0x54, 0xb6, 0x03, 0xf5, 0xea, 0x07, 0x01, 
    0xe5, 0x0c, 0x08, 0x06, 0x4f, 0x3a, 0x65, 0x0d, 0x54, 0x43, 0x37, 0x01, 
    0x4e, 0xd4, 0xe2, 0x05, 0x6b, 0x9c, 0x0a, 0x0a, 0x5a, 0xf4, 0x32, 0x0c, 
    0x47, 0xdc, 0xb7, 0x02, 0xb0, 0xbc, 0x18, 0x0a, 0xdc, 0xc4, 0xf3, 0x0e, 
    0x9f, 0x42, 0xf0, 0x03, 0xb5, 0x9d, 0x2a, 0x04, 0x1c, 0x08, 0x0e, 0x08, 
    0x28, 0x04, 0x94, 0x03, 0x4d, 0xb6, 0x69, 0x02, 0x6a, 0x8c, 0x4e, 0x01, 
    0x08, 0x43, 0x11, 0x01, 0xc6, 0x30, 0x09, 0x0f, 0xac, 0x58, 0xf6, 0x0d, 
    0x66, 0xc2, 0x66, 0x06, 0xb1, 0x79, 0xd3, 0x09, 0x11, 0xb0, 0x26, 0x0d, 
    0xa9, 0x9b, 0x6e, 0x05, 0x0b, 0x37, 0xc0, 0x06, 0xb5, 0x44, 0xff, 0x0c, 
    0x90, 0x2b, 0xd0, 0x05, 0x28, 0xf3, 0x23, 0x01, 0x6e, 0x60, 0xed, 0x09, 
    0xb4, 0x6d, 0xcd, 0x09, 0x9c, 0xd4, 0xec, 0x0c, 0x0a, 0x41, 0xdb, 0x0d, 
    0xa0, 0x95, 0x72, 0x00, 0x73, 0xf5, 0xbd, 0x03, 0x88, 0x1d, 0xfe, 0x00, 
    0x92, 0xb0, 0xa9, 0x03, 0x3b, 0xb8, 0x3f, 0x0a, 0x8a, 0xe8, 0x14, 0x0b, 
    0x46, 0x5d, 0x4f, 0x0d, 0x85, 0x47, 0x96, 0x0d, 0x21, 0xc4, 0x9c, 0x0b, 
    0xe1, 0xaa, 0x87, 0x0f, 0xce, 0x6c, 0x91, 0x0a, 0x9c, 0x5a, 0x5a, 0x0a, 
    0xbd, 0x1c, 0xe7, 0x05, 0xa0, 0x1b, 0x23, 0x08, 0x36, 0x20, 0x09, 0x03, 
    0x68, 0xde, 0xd6, 0x07, 0xe3, 0x1d, 0x00, 0x0c, 0xd1, 0xdc, 0x2c, 0x01, 
    0xf1, 0x01, 0xf5, 0x0c, 0x63, 0xe5, 0xb6, 0x00, 0xfd, 0x55, 0xe7, 0x01, 
    0x95, 0xa1, 0x81, 0x09, 0x2a, 0xb7, 0x24, 0x01, 0x51, 0x0f, 0xd4, 0x05, 
    0x31, 0x19, 0xf7, 0x0d, 0xad, 0x7c, 0x1c, 0x03, 0xf8, 0xe6, 0x2b, 0x03, 
    0x4a, 0x16, 0xcd, 0x0a, 0x8e, 0xba, 0x69, 0x00, 0x15, 0x25, 0x61, 0x08, 
    0xa8, 0x10, 0xf6, 0x08, 0x46, 0x1a, 0x74, 0x0e, 0x18, 0x3d, 0x84, 0x05, 
    0xc4, 0x9e, 0x54, 0x07, 0xda, 0xba, 0x3a, 0x08, 0x9b, 0x6f, 0x74, 0x0f, 
    0xa6, 0x43, 0x9d, 0x0c, 0x55, 0x51, 0x71, 0x00, 0x4f, 0x16, 0x9f, 0x0d, 
    0x46, 0xae, 0xe8, 0x02, 0x2f, 0x41, 0xb3, 0x0d, 0x9f, 0x6e, 0x3b, 0x0e, 
    0xc9, 0x2b, 0xca, 0x08, 0x3a, 0xdb, 0xf4, 0x0f, 0x45, 0x75, 0xa9, 0x0f, 
    0x4b, 0x78, 0x3f, 0x0c, 0x47, 0x77, 0xe8, 0x0f, 0x0f, 0x3c, 0x7b, 0x00, 
    0x1f, 0x36, 0x21, 0x08, 0x19, 0x2a, 0x1d, 0x0a, 0x77, 0xd2, 0xac, 0x09, 
    0x34, 0x8c, 0x9f, 0x0b, 0x47, 0xa2, 0xb5, 0x04, 0x2f, 0xca, 0x2e, 0x02, 
    0xbc, 0xad, 0xf9, 0x0b, 0x8e, 0x78, 0x38, 0x08, 0x0d, 0xcd, 0x6d, 0x04, 
    0x76, 0x42, 0xeb, 0x0a, 0x24, 0x9b, 0x90, 0x01, 0xc2, 0x72, 0x7c, 0x0b, 
    0x31, 0xae, 0x65, 0x0f, 0x53, 0x75, 0x4a, 0x04, 0x53, 0x88, 0xce, 0x0a, 
    0xda, 0x03, 0x7c, 0x02, 0xbb, 0x52, 0x8b, 0x09, 0xb9, 0xa7, 0x59, 0x0a, 
    0x3b, 0x62, 0x91, 0x00, 0x29, 0x5a, 0xdc, 0x0c, 0x82, 0x12, 0xf0, 0x09, 
    0xd2, 0xae, 0x9c, 0x06, 0x62, 0xf6, 0xc2, 0x00, 0xf0, 0xf9, 0x02, 0x05, 
    0xd8, 0xbb, 0x7a, 0x0a, 0xbe, 0x19, 0xc0, 0x0a, 0xc6, 0x97, 0xec, 0x00, 
    0xd9, 0x80, 0x5d, 0x0a, 0xeb, 0x96, 0xf1, 0x0d, 0xdd, 0x74, 0x3e, 0x08, 
    0x7b, 0x75, 0xe5, 0x06, 0x97, 0xd4, 0x99, 0x0a, 0xee, 0x1e, 0x1c, 0x05, 
    0x63, 0x30, 0x1f, 0x0f, 0x9d, 0xa7, 0x37, 0x05, 0x9d, 0xb7, 0xd7, 0x0f, 
    0xac, 0x28, 0x75, 0x0d, 0x14, 0xdd, 0xc0, 0x0c, 0x92, 0x20, 0x05, 0x09, 
    0x7f, 0x3c, 0x73, 0x01, 0x87, 0xb1, 0xbe, 0x07, 0x13, 0xb3, 0xbe, 0x0c, 
    0x62, 0xdf, 0x6b, 0x09, 0x0c, 0x09, 0x86, 0x0a, 0x53, 0xc4, 0xb5, 0x0e, 
    0xf1, 0xf8, 0x9f, 0x08, 0xab, 0x7b, 0xcb, 0x09, 0x7f, 0x28, 0x14, 0x0e, 
    0xa4, 0xc4, 0x0f, 0x06, 0xea, 0x77, 0x39, 0x0d, 0x29, 0xfb, 0xbd, 0x02, 
    0xea, 0x9f, 0x38, 0x02, 0x81, 0xf7, 0xec, 0x04, 0xff, 0x52, 0x62, 0x0d, 
    0x96, 0x05, 0x33, 0x07, 0xc6, 0xc2, 0x28, 0x03, 0x3a, 0x25, 0x18, 0x0d, 
    0xc0, 0x66, 0x4d, 0x0c, 0x0c, 0xce, 0x59, 0x0a, 0x0d, 0x7c, 0x19, 0x08, 
    0x0c, 0x73, 0x5f, 0x00, 0x82, 0x53, 0xaa, 0x00, 0xa4, 0x97, 0xac, 0x06, 
    0xac, 0xe1, 0x75, 0x0e, 0x3b, 0x05, 0x7b, 0x0f, 0xce, 0xe0, 0x43, 0x00, 
    0x42, 0x8a, 0x0e, 0x0e, 0x03, 0x0b, 0x4a, 0x07, 0xd2, 0x85, 0xc3, 0x02, 
    0x7b, 0x4e, 0x9b, 0x00, 0xb2, 0x69, 0x57, 0x0d, 0x59, 0xe5, 0x4e, 0x05, 
    0x5b, 0xa1, 0x8e, 0x00, 0x7f, 0x48, 0x5d, 0x00, 0x98, 0x13, 0x01, 0x00, 
    0x76, 0x00, 0xa5, 0x0b, 0x03, 0x41, 0xf7, 0x00, 0xd8, 0xe4, 0x2a, 0x0f, 
    0x29, 0x88, 0x5b, 0x0b, 0x97, 0x38, 0x07, 0x06, 0x05, 0x7f, 0x27, 0x08, 
    0x3d, 0x46, 0x05, 0x04, 0x92, 0xe1, 0xfa, 0x02, 0x0e, 0x76, 0x00, 0x06, 
    0x60, 0x19, 0xe3, 0x0a, 0x0f, 0x42, 0x86, 0x06, 0x91, 0x49, 0x52, 0x0e, 
    0xac, 0x58, 0x38, 0x01, 0x65, 0x89, 0xeb, 0x00, 0x12, 0xf1, 0x52, 0x0e, 
    0xac, 0x31, 0x79, 0x05, 0x7c, 0x4d, 0xa9, 0x09, 0x23, 0xe1, 0x1f, 0x02, 
    0xfb, 0x9f, 0x81, 0x09, 0xcb, 0x58, 0xd9, 0x07, 0xb4, 0x84, 0xae, 0x03, 
    0xdc, 0xf0, 0x3a, 0x0d, 0x6c, 0x75, 0xc3, 0x0e, 0xaf, 0x82, 0xb2, 0x06, 
    0x95, 0xa6, 0x62, 0x0e, 0x01, 0xa8, 0xeb, 0x08, 0x88, 0xf9, 0x94, 0x0f, 
    0x01, 0x22, 0x45, 0x0e, 0x5a, 0x42, 0x12, 0x07, 0x7d, 0x6a, 0x0c, 0x0a, 
    0x6c, 0x8a, 0x0b, 0x01, 0xb0, 0x9b, 0xd1, 0x0c, 0xac, 0x94, 0xfb, 0x0d, 
    0x8d, 0xd9, 0xe8, 0x0b, 0x7e, 0xe4, 0x00, 0x0c, 0x86, 0xcf, 0xf0, 0x07, 
    0x1a, 0x01, 0x85, 0x0d, 0x75, 0x8b, 0x7f, 0x0d, 0x5f, 0xd8, 0x3d, 0x08, 
    0x24, 0xc2, 0x4f, 0x0d, 0x37, 0x2f, 0xf7, 0x0f, 0x8a, 0x70, 0xb1, 0x09, 
    0x94, 0xb1, 0x67, 0x0f, 0xff, 0xc1, 0x45, 0x04, 0x91, 0x14, 0x3a, 0x03, 
    0x5f, 0xe3, 0x68, 0x00, 0x30, 0x19, 0xdc, 0x0a, 0x39, 0xe7, 0x8b, 0x01, 
    0x09, 0xec, 0xbb, 0x06, 0xf9, 0xa3, 0x84, 0x0b, 0x0f, 0x58, 0x88, 0x0a, 
    0x73, 0xda, 0x37, 0x0c, 0x92, 0x1b, 0xb8, 0x0f, 0x40, 0x77, 0xf4, 0x06, 
    0x57, 0x57, 0x08, 0x06, 0xf3, 0x83, 0x58, 0x06, 0x6d, 0x75, 0x1a, 0x0e, 
    0x01, 0x14, 0xaa, 0x0c, 0x10, 0x77, 0x00, 0x0e, 0xb0, 0x7f, 0x6d, 0x03, 
    0xed, 0x10, 0xd1, 0x0f, 0xf1, 0xbc, 0xcd, 0x0d, 0xb4, 0x4a, 0xd2, 0x07, 
    0x7b, 0xd7, 0xec, 0x0d, 0x0f, 0x70, 0x2d, 0x00, 0x1c, 0xe4, 0x9b, 0x00, 
    0x04, 0x9e, 0x3f, 0x03, 0x6c, 0x01, 0x47, 0x0f, 0x2a, 0x96, 0x39, 0x0e, 
    0xa6, 0xaa, 0xb2, 0x08, 0xd8, 0x93, 0xf2, 0x06, 0x89, 0xf2, 0xe5, 0x02, 
    0x20, 0xd1, 0x96, 0x06, 0xc5, 0xbb, 0x74, 0x0c, 0x37, 0x0b, 0x5c, 0x0c, 
    0x29, 0x65, 0x6f, 0x0a, 0x95, 0xf2, 0x88, 0x04, 0x21, 0x44, 0xc4, 0x0f, 
    0x6a, 0xc7, 0xf9, 0x0b, 0x26, 0x40, 0xf7, 0x0c, 0xf7, 0xa3, 0x4f, 0x08, 
    0x9a, 0xea, 0x4e, 0x03, 0xdb, 0x37, 0xd5, 0x09, 0xc9, 0xe9, 0x01, 0x06, 
    0x20, 0x5e, 0x72, 0x0a, 0x1b, 0x24, 0x6d, 0x03, 0x05, 0xb9, 0x4a, 0x0a, 
    0x41, 0x10, 0xba, 0x0c, 0xcf, 0x8c, 0x56, 0x00, 0x3e, 0x7e, 0xf6, 0x01, 
    0x93, 0xcc, 0x19, 0x00, 0x6b, 0x1d, 0x83, 0x09, 0x61, 0x8f, 0x6a, 0x08, 
    0x9b, 0xc8, 0x4c, 0x08, 0x26, 0xce, 0x29, 0x0e, 0x5e, 0x1b, 0x4b, 0x00, 
    0x09, 0x88, 0xbc, 0x0f, 0x11, 0x9f, 0xad, 0x07, 0x3f, 0x1e, 0x47, 0x00, 
    0xb8, 0x65, 0x08, 0x00, 0xb4, 0xb5, 0x84, 0x05, 0xb0, 0x96, 0x03, 0x02, 
    0xcf, 0x3a, 0xcc, 0x09, 0xc3, 0xce, 0x4a, 0x04, 0x2a, 0xdf, 0xdc, 0x01, 
    0x81, 0xf4, 0xa5, 0x09, 0xce, 0x35, 0x03, 0x0d, 0x93, 0x41, 0x01, 0x09, 
    0x4e, 0x0b, 0x30, 0x0a, 0x82, 0x63, 0xfe, 0x09, 0xbc, 0xac, 0x90, 0x0b, 
    0xb7, 0x1c, 0x33, 0x09, 0x04, 0x8d, 0x33, 0x0c, 0x7e, 0x05, 0xc5, 0x0a, 
    0xb1, 0xde, 0x19, 0x04, 0xa4, 0x05, 0x3a, 0x0b, 0xb2, 0x40, 0x2e, 0x05, 
    0xde, 0xce, 0x7d, 0x09, 0x86, 0x24, 0xb1, 0x0a, 0xf1, 0x99, 0x52, 0x0f, 
    0xa6, 0x1a, 0x5f, 0x02, 0xcd, 0xd4, 0x27, 0x09, 0xcd, 0x7a, 0x5b, 0x02, 
    0x7f, 0xf7, 0xae, 0x06, 0x5f, 0xa7, 0xa2, 0x02, 0x7b, 0x6e, 0xe9, 0x0a, 
    0xf1, 0x1e, 0x69, 0x03, 0x1f, 0xcc, 0x11, 0x0e, 0x47, 0x2d, 0x10, 0x0f, 
    0x52, 0x0e, 0x60, 0x0a, 0x19, 0x85, 0x8c, 0x0b, 0x1a, 0x99, 0x44, 0x05, 
    0x96, 0xe3, 0x24, 0x0f, 0x50, 0xbd, 0x16, 0x00, 0x00, 0xc5, 0x4b, 0x07, 
    0xca, 0x58, 0x9c, 0x01, 0xee, 0x5a, 0xc5, 0x03, 0xcf, 0xcc, 0xea, 0x0d, 
    0x6f, 0x97, 0x43, 0x02, 0x3f, 0xa0, 0x57, 0x08, 0xef, 0x75, 0x6f, 0x0b, 
    0x9c, 0x83, 0xeb, 0x06, 0x65, 0x23, 0x98, 0x07, 0x00, 0x10, 0x0e, 0x05, 
    0xdc, 0x9c, 0xc5, 0x06, 0xe8, 0x20, 0xf7, 0x0a, 0xd7, 0xdc, 0x65, 0x09, 
    0x42, 0xa1, 0xc5, 0x06, 0xc1, 0xe1, 0xe5, 0x08, 0x7b, 0xc6, 0x89, 0x02, 
    0x00, 0x38, 0xe9, 0x07, 0x9d, 0x88, 0xdd, 0x0a, 0xc4, 0x29, 0xcc, 0x0f, 
    0xe2, 0xae, 0x64, 0x06, 0x2b, 0x30, 0xf4, 0x05, 0x3b, 0xec, 0x02, 0x07, 
    0xcd, 0xe4, 0xc1, 0x0a, 0x62, 0x0a, 0xbb, 0x0e, 0x0c, 0xf0, 0x7b, 0x00, 
    0xb7, 0x85, 0x49, 0x09, 0xd2, 0x04, 0xc7, 0x0d, 0x69, 0x45, 0xc5, 0x0e, 
    0xf4, 0x19, 0x93, 0x09, 0x18, 0x96, 0x53, 0x08, 0x04, 0x58, 0xf5, 0x08, 
    0x19, 0x43, 0x05, 0x0f, 0x69, 0x5a, 0xdd, 0x0c, 0x9d, 0x2e, 0xa1, 0x03, 
    0xc8, 0x3a, 0x95, 0x09, 0x21, 0xdc, 0x4b, 0x0d, 0xb7, 0x9d, 0x2e, 0x02, 
    0xfa, 0x09, 0x76, 0x02, 0x07, 0x8b, 0x44, 0x03, 0x11, 0x2f, 0x59, 0x0e, 
    0x97, 0xf6, 0xf0, 0x08, 0x75, 0x18, 0xc5, 0x02, 0x23, 0x50, 0x75, 0x04, 
    0x1f, 0x5a, 0x0f, 0x0c, 0x2f, 0x48, 0x81, 0x09, 0x12, 0x02, 0xed, 0x0f, 
    0x14, 0x7a, 0x56, 0x09, 0x7b, 0xa8, 0x23, 0x08, 0xd7, 0xfe, 0x80, 0x0a, 
    0x66, 0x79, 0xc9, 0x0b, 0xdd, 0x07, 0x77, 0x0d, 0x8c, 0xb7, 0xdf, 0x04, 
    0x9b, 0xdb, 0x06, 0x00, 0xf8, 0xaa, 0xaf, 0x09, 0x48, 0xa7, 0x59, 0x04, 
    0xdc, 0x8a, 0xad, 0x0d, 0xf5, 0x78, 0x4b, 0x09, 0x29, 0xd1, 0x64, 0x03, 
    0x72, 0x9e, 0x40, 0x09, 0x0f, 0x77, 0x37, 0x07, 0xc8, 0xb4, 0x86, 0x06, 
    0xa1, 0x4d, 0x0e, 0x07, 0xe4, 0x2e, 0x53, 0x05, 0xb9, 0x4c, 0x27, 0x02, 
    0x74, 0xf1, 0x8c, 0x08, 0x3d, 0x4d, 0x2a, 0x0b, 0xfa, 0x8e, 0x1e, 0x04, 
    0xa5, 0x73, 0xa9, 0x0e, 0x92, 0x4d, 0x32, 0x03, 0x4b, 0x5c, 0xa3, 0x0c, 
    0x8b, 0xb4, 0xa5, 0x03, 0x50, 0xf7, 0x67, 0x0a, 0x15, 0x77, 0xc1, 0x0b, 
    0x98, 0x52, 0xc1, 0x0b, 0xc2, 0xe9, 0x87, 0x01, 0xa4, 0x53, 0x05, 0x0b, 
    0xeb, 0xf6, 0xa5, 0x07, 0xe8, 0x45, 0x96, 0x00, 0x15, 0xf9, 0xac, 0x0b, 
    0xea, 0x6a, 0x31, 0x08, 0x5b, 0xed, 0xd7, 0x09, 0xc2, 0x96, 0x47, 0x00, 
    0xce, 0x2c, 0xd5, 0x04, 0xb5, 0x73, 0x98, 0x0e, 0x77, 0x3f, 0x0b, 0x0f, 
    0x00, 0xac, 0x0b, 0x0d, 0xe8, 0x3c, 0xf3, 0x09, 0x63, 0xe8, 0xc1, 0x0d, 
    0xea, 0x32, 0x36, 0x0c, 0xca, 0x6c, 0xe9, 0x0d, 0x36, 0x08, 0xc9, 0x03, 
    0xca, 0x9c, 0xf3, 0x06, 0xc0, 0x3f, 0x1c, 0x00, 0xfc, 0x2c, 0xef, 0x02, 
    0x24, 0x1d, 0x5e, 0x08, 0x40, 0xca, 0x6d, 0x0f, 0x5b, 0xff, 0x08, 0x07, 
    0x70, 0x8c, 0xeb, 0x07, 0x7c, 0x1c, 0x16, 0x0c, 0x1e, 0x04, 0xdd, 0x02, 
    0xcf, 0x45, 0xf6, 0x08, 0xcd, 0x40, 0x72, 0x03, 0xe4, 0xef, 0x7e, 0x0d, 
    0x0b, 0x96, 0x57, 0x0c, 0x58, 0xff, 0xda, 0x0d, 0xbc, 0x34, 0x18, 0x0c, 
    0xa5, 0xe8, 0xfb, 0x07, 0x27, 0xcb, 0x12, 0x07, 0x4e, 0xa3, 0xbf, 0x0b, 
    0x69, 0xcb, 0x3d, 0x0d, 0x23, 0x15, 0x50, 0x06, 0x85, 0xe4, 0xb6, 0x06, 
    0xdc, 0x4b, 0x99, 0x05, 0xe2, 0xde, 0x77, 0x0f, 0xc0, 0x07, 0xde, 0x0b, 
    0xb8, 0xc3, 0x9e, 0x08, 0x17, 0x2f, 0xc0, 0x07, 0x67, 0xa4, 0x62, 0x03, 
    0x21, 0xe1, 0xe5, 0x0f, 0xf6, 0x27, 0x43, 0x07, 0xa2, 0xa1, 0x56, 0x00, 
    0xb8, 0x35, 0x35, 0x0f, 0xe0, 0x75, 0x27, 0x0c, 0x4d, 0x46, 0xb5, 0x02, 
    0x0b, 0x3b, 0x2d, 0x0a, 0x6f, 0x30, 0x4c, 0x0b, 0xcc, 0x87, 0x0d, 0x0e, 
    0xce, 0xf8, 0xd4, 0x08, 0x60, 0x9f, 0xbc, 0x05, 0x92, 0x82, 0x0a, 0x0e, 
    0x15, 0x6e, 0xf4, 0x09, 0xca, 0xba, 0xe2, 0x0b, 0x5b, 0x4d, 0x41, 0x08, 
    0x63, 0xb0, 0x03, 0x0b, 0x0c, 0xdc, 0x02, 0x07, 0x2a, 0xec, 0x45, 0x05, 
    0xc9, 0xf9, 0xd1, 0x09, 0xa4, 0x99, 0x26, 0x0b, 0x3c, 0xe8, 0xff, 0x08, 
    0x02, 0x4b, 0x2d, 0x07, 0xb8, 0xb3, 0xdd, 0x09, 0x7a, 0x56, 0x59, 0x0b, 
    0x92, 0xe5, 0x42, 0x0e, 0x15, 0x00, 0xe5, 0x04, 0x41, 0x56, 0x03, 0x0c, 
    0x92, 0x2c, 0x26, 0x0a, 0x4c, 0xf2, 0x1d, 0x02, 0x92, 0xf4, 0x23, 0x02, 
    0x11, 0x41, 0x1d, 0x0b, 0x41, 0xec, 0xc7, 0x03, 0xf5, 0x0d, 0x8c, 0x0e, 
    0xbe, 0xc9, 0x67, 0x0b, 0xb6, 0xf3, 0x40, 0x0c, 0xac, 0xbd, 0xe1, 0x0e, 
    0xa8, 0x85, 0xc5, 0x0a, 0x6e, 0xe2, 0xee, 0x02, 0x95, 0xd4, 0xb7, 0x00, 
    0x1a, 0xfc, 0x83, 0x0a, 0xdb, 0x3d, 0xab, 0x0e, 0x61, 0x87, 0x2a, 0x06, 
    0xbe, 0x0d, 0x30, 0x09, 0xab, 0x15, 0xc2, 0x0e, 0x72, 0xbd, 0x2d, 0x0b, 
    0x36, 0xe7, 0x64, 0x00, 0x40, 0xae, 0x20, 0x03, 0x3f, 0x5d, 0x4f, 0x08, 
    0x88, 0x89, 0x8a, 0x0d, 0xdb, 0x74, 0x76, 0x06, 0x09, 0xeb, 0x43, 0x0e, 
    0x7b, 0x87, 0x7c, 0x0c, 0xfb, 0xce, 0xf5, 0x09, 0x09, 0x69, 0xb0, 0x0b, 
    0x67, 0x82, 0xca, 0x01, 0xc5, 0x9a, 0x69, 0x05, 0x58, 0x7c, 0x14, 0x00, 
    0xef, 0x87, 0x6d, 0x0a, 0x5d, 0x78, 0x6c, 0x0a, 0x9a, 0xfc, 0xe5, 0x05, 
    0x67, 0x83, 0x4a, 0x0d, 0x8d, 0x41, 0x7b, 0x00, 0x17, 0x3a, 0xb4, 0x05, 
    0x2d, 0xdd, 0x25, 0x08, 0x21, 0xeb, 0x12, 0x0a, 0x16, 0x59, 0xce, 0x06, 
    0xb8, 0x97, 0x38, 0x06, 0x2f, 0xf7, 0xcd, 0x06, 0x58, 0x32, 0x3b, 0x0b, 
    0xc2, 0xa9, 0xc5, 0x0d, 0x1d, 0x65, 0x19, 0x01, 0x19, 0xc9, 0x94, 0x02, 
    0x1a, 0xd0, 0x2f, 0x06, 0xf1, 0xbd, 0x14, 0x07, 0x70, 0x23, 0x81, 0x0e, 
    0x88, 0xdb, 0xaa, 0x07, 0xe1, 0xcf, 0x27, 0x03, 0x02, 0x07, 0x7c, 0x01, 
    0x2a, 0x92, 0x54, 0x0a, 0xa3, 0x4a, 0xc9, 0x07, 0x9b, 0x54, 0x1a, 0x0f, 
    0x1f, 0xa4, 0x04, 0x0a, 0x39, 0xe3, 0x02, 0x09, 0x1d, 0xf2, 0x1a, 0x04, 
    0x07, 0xc0, 0x9d, 0x0c, 0x9c, 0xc8, 0xe7, 0x08, 0x68, 0xb2, 0x82, 0x0b, 
    0xad, 0x4f, 0x5c, 0x0a, 0xa4, 0x31, 0x69, 0x00, 0x40, 0x24, 0x00, 0x06, 
    0x24, 0xf6, 0xe6, 0x04, 0x28, 0x58, 0x52, 0x0f, 0x8e, 0x64, 0x0e, 0x03, 
    0xfd, 0x7b, 0x94, 0x05, 0x35, 0x54, 0xe9, 0x0f, 0xfb, 0x45, 0xf8, 0x0f, 
    0x7b, 0xb2, 0xd2, 0x0c, 0x57, 0x83, 0x31, 0x08, 0xd5, 0x15, 0xe2, 0x0a, 
    0x3d, 0x7a, 0x43, 0x03, 0x4a, 0xab, 0x44, 0x04, 0xa2, 0xb9, 0x16, 0x05, 
    0x00, 0xf7, 0xaa, 0x0e, 0xed, 0x5d, 0x45, 0x0d, 0x46, 0x8c, 0x81, 0x05, 
    0x3e, 0xb6, 0xad, 0x09, 0x08, 0x9d, 0xfd, 0x06, 0x29, 0xce, 0xbe, 0x08, 
    0xeb, 0xce, 0x1c, 0x0b, 0x11, 0x9a, 0x7a, 0x0d, 0xbd, 0x23, 0x15, 0x0a, 
    0x9b, 0x5d, 0xe7, 0x09, 0xca, 0x38, 0x7e, 0x05, 0x86, 0x2e, 0x07, 0x01, 
    0xa9, 0x8e, 0xb5, 0x09, 0x17, 0xbf, 0x93, 0x01, 0x23, 0x73, 0xcd, 0x01, 
    0xf3, 0x80, 0x16, 0x00, 0x01, 0xba, 0xd7, 0x06, 0x0c, 0xcf, 0x6b, 0x0e, 
    0xe2, 0x36, 0x2d, 0x07, 0xdb, 0x7c, 0x4b, 0x00, 0x17, 0x1c, 0xd4, 0x0d, 
    0xe7, 0xb1, 0xc8, 0x06, 0x88, 0x77, 0xe3, 0x0b, 0x26, 0x9b, 0x5d, 0x0b, 
    0xd4, 0x1c, 0x21, 0x03, 0x60, 0x95, 0x1d, 0x02, 0xeb, 0x50, 0x43, 0x02, 
    0xa9, 0xf0, 0x21, 0x0c, 0x3b, 0x85, 0x7a, 0x0f, 0x17, 0x5e, 0x02, 0x04, 
    0x40, 0xd1, 0x92, 0x0a, 0x23, 0xf1, 0xc7, 0x01, 0xbe, 0x9b, 0xd9, 0x03, 
    0x22, 0xc7, 0x17, 0x0a, 0x40, 0x8c, 0x3d, 0x00, 0xef, 0xdf, 0x66, 0x08, 
    0x0b, 0x32, 0xe0, 0x04, 0x58, 0xaf, 0x39, 0x0c, 0xf4, 0xb8, 0x45, 0x04, 
    0x4d, 0xf3, 0x4e, 0x0c, 0x9c, 0x2b, 0xf2, 0x07, 0x71, 0xe3, 0x14, 0x01, 
    0x32, 0x62, 0x2c, 0x0f, 0xb9, 0xa4, 0x85, 0x0b, 0x3f, 0x58, 0x79, 0x04, 
    0x45, 0x61, 0xbd, 0x08, 0xf5, 0x2c, 0x19, 0x0f, 0xf1, 0x08, 0xf9, 0x05, 
    0xf4, 0x0c, 0x6f, 0x06, 0x21, 0x71, 0x15, 0x09, 0x33, 0x8a, 0x5f, 0x03, 
    0xb3, 0x66, 0xe2, 0x04, 0x2c, 0xf0, 0x1e, 0x07, 0xe7, 0xad, 0xae, 0x01, 
    0xa2, 0x56, 0x12, 0x06, 0x51, 0x34, 0x1e, 0x0c, 0x34, 0x29, 0x64, 0x08, 
    0xd9, 0x57, 0x92, 0x04, 0x30, 0xe3, 0x96, 0x0e, 0x59, 0x09, 0x2b, 0x0e, 
    0xbf, 0xa4, 0xfb, 0x09, 0xc6, 0x97, 0xc9, 0x01, 0xab, 0xa2, 0xf5, 0x0c, 
    0x1f, 0x69, 0xa5, 0x03, 0xd4, 0xc8, 0xa9, 0x0a, 0xdc, 0x5b, 0x00, 0x0c, 
    0x82, 0x67, 0x25, 0x02, 0x40, 0xb6, 0xe0, 0x00, 0x0d, 0x6c, 0x1b, 0x09, 
    0xfb, 0xc2, 0x9f, 0x05, 0x7b, 0xdc, 0x9d, 0x0a, 0x16, 0x12, 0x5b, 0x0e, 
    0xe1, 0xeb, 0x86, 0x05, 0x9a, 0x09, 0x70, 0x02, 0x77, 0x47, 0x3f, 0x0d, 
    0xc1, 0xb1, 0xee, 0x03, 0xa1, 0x71, 0x22, 0x04, 0x13, 0x89, 0xde, 0x08, 
    0x06, 0xcd, 0xf6, 0x03, 0xec, 0x4e, 0x89, 0x0a, 0x29, 0x2d, 0x31, 0x07, 
    0xc1, 0x1e, 0xce, 0x05, 0x2c, 0xa9, 0x26, 0x04, 0x23, 0xcf, 0x25, 0x04, 
    0x8a, 0xec, 0xfa, 0x04, 0xc6, 0x89, 0xea, 0x0a, 0xee, 0xff, 0x2b, 0x06, 
    0xcc, 0xcc, 0xe0, 0x0b, 0x03, 0xb1, 0x8d, 0x0c, 0x9f, 0xd1, 0xbb, 0x04, 
    0xc6, 0x1d, 0x5d, 0x06, 0xe8, 0x17, 0x7b, 0x02, 0xca, 0x6f, 0xe0, 0x07, 
    0xe5, 0x8f, 0x6a, 0x03, 0xaa, 0x42, 0xaf, 0x0c, 0x72, 0x10, 0xc6, 0x0d, 
    0x78, 0xf2, 0x60, 0x0c, 0x75, 0x01, 0x51, 0x02, 0x91, 0x86, 0x3f, 0x09, 
    0x3e, 0x2f, 0x1e, 0x01, 0x95, 0x45, 0xb3, 0x0c, 0xa6, 0xcd, 0x03, 0x00, 
    0xc1, 0x15, 0x23, 0x0f, 0x4e, 0x8e, 0xa3, 0x0f, 0xcb, 0x64, 0xaa, 0x00, 
    0x93, 0xa7, 0xca, 0x06, 0xca, 0x92, 0x6b, 0x07, 0xbb, 0x10, 0x2f, 0x0b, 
    0x16, 0x73, 0xdf, 0x05, 0xce, 0xc3, 0xbf, 0x0b, 0x1b, 0x17, 0x03, 0x01, 
    0xfd, 0x26, 0x4a, 0x0c, 0xef, 0x30, 0x18, 0x0e, 0x13, 0x57, 0xc9, 0x08, 
    0x82, 0xaf, 0x8a, 0x0b, 0x22, 0x27, 0x6d, 0x06, 0x50, 0x42, 0x3e, 0x0d, 
    0x82, 0x62, 0xe3, 0x0e, 0xbe, 0xd6, 0xfe, 0x07, 0x79, 0x64, 0x85, 0x0f, 
    0xad, 0x30, 0xe1, 0x08, 0x57, 0x5b, 0x88, 0x08, 0x43, 0x47, 0xb5, 0x02, 
    0x4a, 0x54, 0x90, 0x02, 0x25, 0x1f, 0x16, 0x01, 0x05, 0x06, 0xce, 0x0c, 
    0x1e, 0x61, 0xba, 0x03, 0x0b, 0xcf, 0x45, 0x0e, 0xba, 0x61, 0xfa, 0x0a, 
    0x7b, 0x72, 0x94, 0x07, 0xe5, 0xa4, 0x66, 0x01, 0xb5, 0xb3, 0x0b, 0x00, 
    0x96, 0x69, 0xce, 0x0f, 0x7e, 0x55, 0xf8, 0x08, 0x72, 0x73, 0x3a, 0x06, 
    0x9d, 0x0f, 0x77, 0x0b, 0x38, 0x81, 0x16, 0x0c, 0x77, 0xbe, 0x60, 0x03, 
    0x86, 0x8c, 0x4f, 0x04, 0x4a, 0x66, 0xa4, 0x0b, 0xc2, 0x1a, 0xc2, 0x07, 
    0x1b, 0x5c, 0x95, 0x08, 0x07, 0x26, 0xc0, 0x02, 0x40, 0xf9, 0xf3, 0x01, 
    0x3c, 0x31, 0xa9, 0x01, 0x54, 0x44, 0x9e, 0x06, 0xfe, 0x3a, 0x91, 0x02, 
    0x12, 0x29, 0xb2, 0x03, 0xc5, 0x3f, 0xa3, 0x06, 0x96, 0xc6, 0x18, 0x03, 
    0xfe, 0x06, 0x6a, 0x09, 0x6f, 0xfd, 0xca, 0x0d, 0xe5, 0x6a, 0xec, 0x04, 
    0x9f, 0xad, 0xe4, 0x0f, 0xc5, 0xf3, 0xf3, 0x02, 0xf1, 0xc2, 0x96, 0x02, 
    0x8c, 0x0e, 0x26, 0x00, 0x76, 0x2c, 0x70, 0x00, 0x49, 0xde, 0xa3, 0x00, 
    0x04, 0x7a, 0x14, 0x0a, 0x3f, 0x3b, 0xaf, 0x0c, 0x40, 0xc3, 0x06, 0x0f, 
    0x60, 0xe1, 0x35, 0x06, 0x1b, 0xd4, 0x72, 0x08, 0xc8, 0xe2, 0x22, 0x0d, 
    0xc6, 0x65, 0x85, 0x08, 0x9f, 0x27, 0x0e, 0x03, 0x71, 0x9c, 0xd0, 0x0f, 
    0x94, 0x3c, 0xaa, 0x09, 0xbe, 0xf8, 0x92, 0x0d, 0x4e, 0x54, 0xc8, 0x0f, 
    0xb1, 0xb7, 0x30, 0x0f, 0x21, 0x98, 0xa9, 0x09, 0x84, 0x26, 0x5f, 0x02, 
    0xe9, 0x65, 0x19, 0x03, 0x78, 0x45, 0x0b, 0x06, 0xdc, 0x09, 0x74, 0x05, 
    0x42, 0x9a, 0x72, 0x0c, 0x43, 0xe9, 0x77, 0x0b, 0xe7, 0x07, 0x1a, 0x06, 
    0x2f, 0x5f, 0x29, 0x0f, 0x9e, 0x48, 0x75, 0x08, 0x47, 0x64, 0xa0, 0x0c, 
    0xba, 0x73, 0x9f, 0x03, 0x89, 0x0b, 0x58, 0x0f, 0xef, 0xfc, 0x82, 0x04, 
    0xaf, 0x48, 0x66, 0x01, 0x99, 0xc5, 0xfc, 0x03, 0x52, 0xe4, 0xd8, 0x0f, 
    0x44, 0xe9, 0x34, 0x07, 0x7d, 0xe6, 0x87, 0x0e, 0x00, 0x0b, 0x07, 0x03, 
    0xc9, 0xa4, 0x9c, 0x07, 0x29, 0x72, 0x3a, 0x0a, 0xbd, 0xf4, 0x2b, 0x00, 
    0x2c, 0xfb, 0x54, 0x0a, 0xdd, 0x3d, 0x93, 0x09, 0x77, 0xf6, 0x44, 0x05, 
    0x0e, 0xe1, 0xce, 0x05, 0x55, 0xba, 0x4e, 0x0b, 0xb6, 0x21, 0x8a, 0x0c, 
    0x3c, 0xd8, 0xd4, 0x00, 0x17, 0xe1, 0xbb, 0x02, 0x16, 0x48, 0xf6, 0x02, 
    0x3d, 0xba, 0x67, 0x07, 0x60, 0x07, 0x38, 0x0c, 0xff, 0x13, 0x12, 0x0d, 
    0xf5, 0xd4, 0x84, 0x02, 0xee, 0xaa, 0xd2, 0x04, 0xcd, 0xa1, 0x42, 0x06, 
    0x9e, 0x83, 0x11, 0x08, 0xad, 0x10, 0x90, 0x04, 0x22, 0x1c, 0x79, 0x06, 
    0x85, 0x15, 0x27, 0x05, 0xe8, 0x0c, 0x98, 0x08, 0x6f, 0x5b, 0x8c, 0x0d, 
    0xce, 0xfb, 0xa3, 0x0d, 0xce, 0x0c, 0x9d, 0x07, 0xbf, 0xbf, 0x6c, 0x01, 
    0xef, 0x80, 0x2e, 0x09, 0x36, 0x05, 0x52, 0x06, 0x70, 0x51, 0xf8, 0x03, 
    0xc4, 0xb2, 0x5e, 0x00, 0x2a, 0xdd, 0x94, 0x05, 0x23, 0xed, 0x58, 0x05, 
    0xbb, 0xfc, 0x0a, 0x05, 0xa1, 0x7e, 0xf9, 0x0a, 0x4e, 0x7a, 0x86, 0x0c, 
    0x3b, 0xe6, 0x3e, 0x0f, 0x48, 0x53, 0xeb, 0x04, 0x8d, 0x73, 0x0e, 0x00, 
    0x8f, 0x77, 0x01, 0x04, 0x36, 0x31, 0x7c, 0x03, 0x06, 0x0f, 0x47, 0x0e, 
    0x0f, 0x14, 0xfc, 0x02, 0x53, 0xbe, 0x79, 0x01, 0x06, 0x71, 0xc4, 0x07, 
    0x39, 0xd8, 0xf8, 0x0c, 0x24, 0x32, 0xc4, 0x0a, 0x49, 0xfa, 0x27, 0x00, 
    0x14, 0x9f, 0x4c, 0x0f, 0xc5, 0xcc, 0xec, 0x07, 0x42, 0x0a, 0x47, 0x0f, 
    0xa6, 0x49, 0x42, 0x0e, 0x0a, 0x21, 0x4c, 0x0d, 0x13, 0xd8, 0x1a, 0x01, 
    0x20, 0x3f, 0x4d, 0x05, 0xaa, 0x92, 0x0e, 0x0b, 0x00, 0x40, 0x8e, 0x05, 
    0xb8, 0x92, 0x58, 0x01, 0xff, 0x31, 0x42, 0x03, 0x1b, 0xc7, 0x8d, 0x0e, 
    0x1b, 0xcd, 0x03, 0x09, 0x10, 0xf9, 0x9d, 0x02, 0xed, 0x44, 0xa6, 0x03, 
    0x52, 0x9d, 0x81, 0x0f, 0x27, 0xea, 0x5d, 0x07, 0x08, 0x78, 0x35, 0x03, 
    0x4f, 0x4c, 0x16, 0x08, 0xc6, 0x10, 0x01, 0x0b, 0xd6, 0xa5, 0xf0, 0x04, 
    0x54, 0x03, 0x78, 0x07, 0x08, 0xb9, 0x86, 0x09, 0xd8, 0xe2, 0x7f, 0x00, 
    0xa8, 0xb0, 0x18, 0x0c, 0xef, 0xe7, 0xcc, 0x07, 0x9c, 0xe2, 0x79, 0x02, 
    0x3b, 0x65, 0x6e, 0x02, 0x49, 0x3b, 0x97, 0x0d, 0x3d, 0x93, 0x16, 0x07, 
    0xff, 0x30, 0x77, 0x05, 0xa5, 0x49, 0xdd, 0x0d, 0x20, 0x96, 0x1a, 0x05, 
    0x74, 0x7e, 0xe7, 0x03, 0xfb, 0x89, 0xe0, 0x0a, 0x5b, 0x74, 0xd8, 0x01, 
    0x32, 0x83, 0x97, 0x0b, 0x19, 0x22, 0xd1, 0x0e, 0x82, 0x26, 0x58, 0x0b, 
    0xd3, 0x0e, 0x93, 0x07, 0xdf, 0xf3, 0xdd, 0x0b, 0x36, 0x08, 0xa0, 0x04, 
    0xa5, 0xf7, 0xba, 0x0e, 0x45, 0x28, 0x46, 0x06, 0x11, 0x94, 0xaf, 0x0d, 
    0x9a, 0xa3, 0x33, 0x06, 0x69, 0x36, 0x51, 0x0a, 0x62, 0x14, 0x35, 0x04, 
    0x8e, 0xfc, 0x46, 0x0c, 0x59, 0xf7, 0xe8, 0x02, 0x46, 0xb0, 0x36, 0x0a, 
    0x42, 0x96, 0x6b, 0x03, 0x95, 0x79, 0x1e, 0x01, 0x80, 0xaa, 0x2e, 0x0a, 
    0x3c, 0x11, 0x2e, 0x00, 0x31, 0x85, 0x67, 0x0d, 0x19, 0x0d, 0xd0, 0x02, 
    0xfc, 0x25, 0xe8, 0x0a, 0xa5, 0x4e, 0xcd, 0x04, 0x26, 0x06, 0x52, 0x04, 
    0xda, 0x9b, 0x85, 0x0e, 0x4e, 0xd5, 0x54, 0x0b, 0xc6, 0x8f, 0x0b, 0x08, 
    0x11, 0xa6, 0x4a, 0x0f, 0xe7, 0x82, 0xb1, 0x01, 0xb0, 0x50, 0xfd, 0x02, 
    0xbf, 0xf4, 0x11, 0x02, 0x2d, 0x06, 0x13, 0x0c, 0xba, 0x02, 0xe2, 0x0c, 
    0xef, 0xb9, 0xfd, 0x07, 0x37, 0xf4, 0x24, 0x06, 0xd4, 0x5b, 0x69, 0x0b, 
    0x84, 0x94, 0xe2, 0x08, 0xff, 0x61, 0xfc, 0x06, 0x64, 0xae, 0x94, 0x01, 
    0x41, 0xcf, 0xd6, 0x02, 0x5a, 0x6f, 0x84, 0x05, 0x7f, 0xc2, 0x89, 0x09, 
    0x4b, 0xa8, 0xcf, 0x05, 0x85, 0x0d, 0xfa, 0x08, 0xec, 0x2b, 0xca, 0x05, 
    0x17, 0x11, 0xf8, 0x08, 0xce, 0x2b, 0x50, 0x0f, 0x0c, 0x29, 0xc3, 0x04, 
    0x0d, 0xb3, 0x8c, 0x07, 0x9d, 0xf8, 0xba, 0x0a, 0x70, 0x24, 0xb7, 0x0a, 
    0x8f, 0x83, 0x66, 0x07, 0x75, 0x47, 0x9b, 0x01, 0xf6, 0xc6, 0x75, 0x0b, 
    0x0c, 0xef, 0x05, 0x07, 0x9d, 0x2c, 0x02, 0x03, 0x9f, 0xae, 0x18, 0x0a, 
    0x0f, 0xae, 0x6c, 0x06, 0x24, 0x4d, 0xb7, 0x06, 0xe3, 0x0e, 0xfd, 0x0d, 
    0x82, 0x05, 0x3f, 0x0d, 0x55, 0xd5, 0x87, 0x02, 0xfc, 0x93, 0x21, 0x08, 
    0xca, 0x30, 0x6b, 0x06, 0x21, 0x1d, 0xc5, 0x0f, 0x29, 0x19, 0x9e, 0x02, 
    0x6d, 0x42, 0x57, 0x06, 0xa5, 0x50, 0xfd, 0x08, 0x99, 0x6d, 0x34, 0x03, 
    0xfc, 0x6b, 0x86, 0x0c, 0x32, 0xe8, 0x54, 0x0d, 0xac, 0x12, 0xf0, 0x0c, 
    0x3c, 0x89, 0xf0, 0x03, 0x00, 0x7e, 0xa0, 0x00, 0x13, 0x98, 0xe5, 0x00, 
    0x3d, 0xc5, 0xa8, 0x0f, 0xd9, 0x1a, 0x72, 0x0c, 0xe3, 0xd9, 0xfb, 0x04, 
    0xe9, 0xfe, 0xc6, 0x04, 0xa3, 0x0f, 0x17, 0x0b, 0xda, 0xe1, 0xae, 0x05, 
    0x05, 0x7a, 0xd9, 0x06, 0xb3, 0x1d, 0x0f, 0x00, 0xfc, 0xfc, 0x67, 0x09, 
    0x15, 0x15, 0x00, 0x0f, 0x7b, 0xad, 0x5b, 0x05, 0x92, 0xc8, 0xae, 0x0b, 
    0x82, 0xd7, 0x2f, 0x00, 0x70, 0x23, 0x5c, 0x0d, 0x48, 0x48, 0xe3, 0x03, 
    0xa8, 0x79, 0x48, 0x04, 0xa9, 0xc0, 0x83, 0x0e, 0xaf, 0xb4, 0xbf, 0x02, 
    0x4c, 0xf3, 0x32, 0x08, 0xe7, 0x93, 0x34, 0x02, 0xb1, 0xc1, 0xbd, 0x0d, 
    0xbd, 0x86, 0x75, 0x0f, 0xcb, 0x8a, 0xe4, 0x0b, 0x0e, 0xa1, 0x21, 0x00, 
    0x20, 0x6d, 0x11, 0x0d, 0x5f, 0x35, 0xab, 0x00, 0xc1, 0xde, 0x11, 0x04, 
    0x6d, 0x5b, 0xb1, 0x0f, 0x03, 0x29, 0xfb, 0x05, 0x09, 0x08, 0xc1, 0x03, 
    0x6f, 0x67, 0x83, 0x00, 0xeb, 0x91, 0xbd, 0x00, 0x2b, 0x95, 0xeb, 0x0f, 
    0x27, 0xf1, 0x34, 0x0e, 0xad, 0x44, 0x89, 0x0d, 0x5b, 0x04, 0x99, 0x0d, 
    0xf0, 0x65, 0x51, 0x0a, 0x8a, 0xc9, 0x32, 0x07, 0x64, 0xdf, 0x3b, 0x0f, 
    0xc4, 0xe6, 0x15, 0x0f, 0x86, 0x7b, 0x42, 0x0d, 0x72, 0x27, 0x10, 0x02, 
    0x3e, 0x1e, 0xba, 0x08, 0x92, 0xcc, 0xe0, 0x02, 0x53, 0x29, 0xb4, 0x09, 
    0x42, 0xfd, 0x61, 0x0f, 0xb6, 0xc6, 0x55, 0x07, 0x7a, 0x6e, 0x03, 0x02, 
    0x27, 0x9b, 0x53, 0x00, 0x50, 0x21, 0x0a, 0x0a, 0x93, 0xbb, 0x91, 0x07, 
    0x66, 0xc9, 0x82, 0x00, 0x61, 0xf6, 0x87, 0x05, 0x22, 0x67, 0x8f, 0x02, 
    0x76, 0x1c, 0x63, 0x00, 0x77, 0xc1, 0x3f, 0x01, 0xf4, 0xd1, 0xd4, 0x0f, 
    0xfa, 0xeb, 0xe0, 0x07, 0x8c, 0xf5, 0x48, 0x00, 0x08, 0xb3, 0x59, 0x0f, 
    0x9a, 0xf7, 0x10, 0x07, 0x4e, 0x9d, 0x32, 0x00, 0xe0, 0x82, 0xcb, 0x08, 
    0x33, 0x53, 0xc4, 0x04, 0xc2, 0x6d, 0x7f, 0x0a, 0x45, 0x0f, 0xed, 0x01, 
    0xad, 0xb2, 0x64, 0x00, 0x7b, 0x60, 0x95, 0x09, 0xba, 0xd8, 0xcd, 0x03, 
    0xcf, 0x5a, 0x0f, 0x02, 0x57, 0xe6, 0x10, 0x08, 0xcf, 0xee, 0x92, 0x0d, 
    0x43, 0x34, 0x63, 0x0a, 0x15, 0x76, 0x03, 0x0b, 0x7e, 0x94, 0x37, 0x0f, 
    0xee, 0x7e, 0x35, 0x05, 0x02, 0xc7, 0x12, 0x04, 0xc7, 0x43, 0xb4, 0x0e, 
    0x65, 0x84, 0xad, 0x0b, 0x43, 0xcc, 0x90, 0x0b, 0x75, 0xc2, 0xbd, 0x02, 
    0xdc, 0x96, 0x54, 0x00, 0xb6, 0x1d, 0x87, 0x00, 0xfa, 0x38, 0xf5, 0x0e, 
    0x8b, 0xe9, 0x40, 0x02, 0xf6, 0xa6, 0xa5, 0x0b, 0xbc, 0x7b, 0xcf, 0x05, 
    0xc1, 0x45, 0x5f, 0x0d, 0x73, 0xa1, 0x6e, 0x0e, 0x4c, 0x20, 0x39, 0x02, 
    0xe6, 0x5f, 0x6e, 0x0b, 0x85, 0x49, 0x82, 0x08, 0xb9, 0x35, 0x33, 0x08, 
    0x4e, 0x81, 0x90, 0x0e, 0xa4, 0x33, 0xa1, 0x02, 0x02, 0xa2, 0xba, 0x01, 
    0x55, 0x88, 0x80, 0x00, 0xc6, 0x0e, 0x7d, 0x08, 0xf3, 0x45, 0x65, 0x05, 
    0xfa, 0x84, 0x58, 0x0b, 0xbe, 0xf7, 0xec, 0x0d, 0x92, 0x96, 0xc3, 0x06, 
    0xf1, 0xa4, 0x6c, 0x02, 0x3b, 0x45, 0x29, 0x02, 0xd4, 0xce, 0x8f, 0x0b, 
    0xe1, 0xc6, 0x87, 0x0b, 0x4c, 0x63, 0x01, 0x08, 0x4c, 0x0b, 0x2d, 0x08, 
    0x5d, 0x99, 0xa3, 0x01, 0xa9, 0x45, 0x2b, 0x0d, 0x06, 0xe7, 0x3c, 0x09, 
    0x97, 0x06, 0x30, 0x0d, 0x5a, 0x83, 0xc5, 0x00, 0x57, 0x89, 0x4b, 0x0e, 
    0x30, 0xa2, 0xfa, 0x0d, 0x3a, 0xcd, 0xc4, 0x0e, 0x8d, 0xd7, 0x3b, 0x05, 
    0xca, 0x1b, 0xcf, 0x07, 0xc3, 0xd7, 0x1d, 0x0f, 0x06, 0x93, 0x9f, 0x07, 
    0x0e, 0x04, 0xf0, 0x02, 0x24, 0xbe, 0x1c, 0x08, 0x86, 0x3b, 0x45, 0x0e, 
    0x49, 0x1b, 0xf2, 0x0b, 0xae, 0xa2, 0xcb, 0x01, 0x58, 0x99, 0x23, 0x07, 
    0xd4, 0xb3, 0x6e, 0x0a, 0x33, 0x2d, 0xe6, 0x07, 0x8d, 0x22, 0x66, 0x0e, 
    0x17, 0xd8, 0x9d, 0x03, 0x2e, 0xb5, 0xbe, 0x0c, 0xbb, 0x10, 0xcf, 0x01, 
    0x45, 0xbc, 0xe6, 0x09, 0xcd, 0xd1, 0xc0, 0x0b, 0x6d, 0x42, 0x59, 0x0f, 
    0x03, 0x5a, 0xf8, 0x03, 0xfb, 0x2f, 0xf0, 0x0d, 0x1d, 0xa0, 0x05, 0x08, 
    0xe3, 0xb8, 0x7c, 0x05, 0x63, 0x2e, 0x88, 0x08, 0x6d, 0xfa, 0x87, 0x08, 
    0x02, 0x32, 0x65, 0x01, 0xba, 0x94, 0x4c, 0x0b, 0x32, 0x03, 0xb5, 0x0b, 
    0xbd, 0xb8, 0x70, 0x00, 0xb9, 0x82, 0xa4, 0x0e, 0x63, 0x4a, 0xba, 0x0d, 
    0xad, 0xc4, 0xb5, 0x06, 0x0d, 0xfe, 0xc3, 0x08, 0xbb, 0x79, 0x4b, 0x04, 
    0xf3, 0xe7, 0xa4, 0x0e, 0x37, 0x17, 0x79, 0x0a, 0x33, 0xe8, 0x8c, 0x0f, 
    0x14, 0xc8, 0x86, 0x0f, 0x2f, 0x8d, 0xc9, 0x07, 0x24, 0x35, 0xfd, 0x01, 
    0xda, 0x27, 0xef, 0x0a, 0xc0, 0x23, 0xad, 0x06, 0xe2, 0x71, 0xf8, 0x0c, 
    0x90, 0x34, 0x39, 0x09, 0xf2, 0x90, 0x1b, 0x0b, 0x9d, 0x85, 0x70, 0x03, 
    0x8d, 0xd9, 0xae, 0x09, 0x10, 0x03, 0x9d, 0x06, 0x12, 0x50, 0x13, 0x06, 
    0x1b, 0xaa, 0x4b, 0x0f, 0x8d, 0xb3, 0x97, 0x03, 0xd9, 0x70, 0x3f, 0x09, 
    0x00, 0xf8, 0x61, 0x0f, 0x1a, 0xdb, 0x30, 0x05, 0xcd, 0xe8, 0x70, 0x08, 
    0xda, 0x51, 0xfa, 0x01, 0x3f, 0x3a, 0x4b, 0x09, 0xa3, 0xf5, 0x93, 0x09, 
    0x8b, 0x82, 0x11, 0x09, 0x74, 0xdf, 0xa4, 0x0d, 0x85, 0xb7, 0x0c, 0x00, 
    0x86, 0x28, 0x20, 0x01, 0x09, 0x6a, 0x7e, 0x06, 0xe9, 0xc7, 0xd8, 0x0c, 
    0x80, 0x98, 0x7e, 0x00, 0x0e, 0x2b, 0x47, 0x08, 0x26, 0x73, 0x78, 0x09, 
    0xa1, 0x6f, 0x3c, 0x01, 0x39, 0x0c, 0xbe, 0x0e, 0x94, 0x7f, 0xb5, 0x0c, 
    0x8d, 0x72, 0xd3, 0x08, 0x08, 0x07, 0x6a, 0x0c, 0x73, 0x06, 0xa9, 0x0d, 
    0x8d, 0x45, 0xc9, 0x07, 0x6a, 0x34, 0x79, 0x08, 0xf0, 0xf2, 0x14, 0x0c, 
    0x8b, 0xee, 0x6f, 0x0f, 0x0e, 0xaa, 0x33, 0x01, 0xd7, 0xc9, 0xd7, 0x09, 
    0x9d, 0x8e, 0x30, 0x0b, 0x18, 0x8d, 0x15, 0x02, 0xf5, 0x45, 0x0f, 0x0f, 
    0x5b, 0x79, 0xe0, 0x0f, 0xbc, 0x7a, 0x56, 0x09, 0x02, 0xc7, 0x15, 0x02, 
    0xd3, 0xbc, 0x29, 0x03, 0xe8, 0xdf, 0xb3, 0x02, 0x89, 0x8d, 0x43, 0x04, 
    0x65, 0xc1, 0xce, 0x0d, 0xf8, 0xda, 0x30, 0x02, 0x27, 0xfb, 0x98, 0x0e, 
    0x62, 0x90, 0x7b, 0x02, 0x74, 0x96, 0x70, 0x04, 0x56, 0x49, 0xd5, 0x0a, 
    0xa9, 0x50, 0x1e, 0x0d, 0xc7, 0xf2, 0x2b, 0x04, 0xef, 0x50, 0x48, 0x0f, 
    0x02, 0xe0, 0x68, 0x0f, 0xe5, 0x05, 0x7c, 0x02, 0xa1, 0xff, 0x39, 0x03, 
    0x32, 0x96, 0x2e, 0x0f, 0x82, 0x31, 0xaa, 0x0b, 0x30, 0x2d, 0x60, 0x02, 
    0x95, 0xa7, 0xb4, 0x07, 0x0f, 0x78, 0xf4, 0x0e, 0xc1, 0x48, 0x68, 0x06, 
    0x64, 0xa1, 0x42, 0x0c, 0x4e, 0x81, 0x90, 0x0f, 0x34, 0x1f, 0xf9, 0x0e, 
    0x9a, 0xc9, 0xfb, 0x02, 0x21, 0xfd, 0x8d, 0x0b, 0x73, 0x27, 0xab, 0x08, 
    0xdf, 0xf0, 0xb9, 0x02, 0x78, 0x32, 0xea, 0x06, 0x49, 0xff, 0xd3, 0x0d, 
    0xd5, 0x92, 0x28, 0x0e, 0x1a, 0xf3, 0xda, 0x05, 0xb3, 0x9d, 0xb5, 0x04, 
    0xce, 0x5b, 0xa7, 0x02, 0x0d, 0x9f, 0x6d, 0x03, 0xf1, 0x5b, 0xad, 0x07, 
    0x40, 0x4b, 0x05, 0x00, 0x18, 0x83, 0xaa, 0x09, 0x4b, 0xa4, 0xa8, 0x07, 
    0xab, 0x09, 0x96, 0x06, 0xf9, 0xa2, 0x4c, 0x09, 0x8a, 0x7c, 0x0c, 0x06, 
    0x66, 0xce, 0x2c, 0x09, 0xdf, 0xff, 0x89, 0x04, 0xef, 0x06, 0xf5, 0x03, 
    0x02, 0x0c, 0x74, 0x05, 0x45, 0x0e, 0x26, 0x01, 0x10, 0xf7, 0x76, 0x0a, 
    0x28, 0x07, 0x8b, 0x0c, 0xeb, 0x15, 0xdb, 0x09, 0x62, 0x22, 0x50, 0x0e, 
    0x95, 0xb6, 0xec, 0x0e, 0x2c, 0xa6, 0xaf, 0x0c, 0xae, 0x18, 0x85, 0x0c, 
    0x1e, 0x2d, 0x54, 0x08, 0x2c, 0xda, 0x59, 0x03, 0xa4, 0x0a, 0x76, 0x02, 
    0x6c, 0xc1, 0xdc, 0x08, 0x8c, 0x7a, 0x6e, 0x07, 0x1f, 0x82, 0x36, 0x0e, 
    0x13, 0x8d, 0x92, 0x0f, 0x7c, 0xcc, 0x4a, 0x0b, 0xd1, 0x64, 0xbd, 0x00, 
    0x8f, 0x62, 0xdf, 0x08, 0x6e, 0xca, 0x73, 0x02, 0x8d, 0x12, 0x43, 0x0e, 
    0x5e, 0xc5, 0x4e, 0x07, 0x53, 0xfe, 0xf2, 0x07, 0x75, 0x36, 0xfa, 0x08, 
    0x1f, 0x10, 0xe9, 0x0e, 0xa8, 0x72, 0xb6, 0x0c, 0x41, 0xcb, 0x3b, 0x06, 
    0x75, 0x68, 0x33, 0x00, 0x71, 0xf0, 0x82, 0x09, 0x2c, 0x1e, 0xba, 0x0f, 
    0x11, 0x8d, 0x6e, 0x0b, 0xc6, 0x05, 0xfe, 0x0d, 0x5c, 0xcb, 0xcd, 0x06, 
    0x27, 0x50, 0xcf, 0x0e, 0xb0, 0x01, 0xb0, 0x00, 0x58, 0x76, 0x79, 0x0c, 
    0x89, 0x2e, 0x29, 0x0f, 0x9d, 0x27, 0x69, 0x09, 0x94, 0xc1, 0xee, 0x06, 
    0x36, 0x9f, 0x65, 0x00, 0xd2, 0x4c, 0x00, 0x00, 0x92, 0x5c, 0x3b, 0x05, 
    0x39, 0xde, 0x32, 0x0e, 0x22, 0x07, 0xdf, 0x0e, 0xc3, 0x1a, 0x72, 0x0d, 
    0x85, 0xbf, 0x81, 0x07, 0xe3, 0x15, 0x87, 0x06, 0xb7, 0x57, 0x3f, 0x0f, 
    0x68, 0xb4, 0x07, 0x06, 0xda, 0x04, 0xc1, 0x02, 0xe7, 0x0c, 0xe5, 0x0d, 
    0x8f, 0x03, 0xb3, 0x09, 0x2c, 0xe4, 0x6f, 0x0f, 0xd9, 0x33, 0x32, 0x0b, 
    0x4a, 0x3b, 0x2a, 0x02, 0x3d, 0x50, 0x0f, 0x09, 0xcc, 0x4c, 0xc0, 0x02, 
    0x36, 0x20, 0xf8, 0x00, 0x51, 0xf3, 0x79, 0x03, 0x24, 0xf4, 0x59, 0x0e, 
    0x86, 0x6c, 0x86, 0x06, 0xb1, 0x40, 0x47, 0x0a, 0x65, 0x6b, 0x8c, 0x00, 
    0xae, 0x33, 0xb8, 0x01, 0x68, 0x95, 0x9e, 0x06, 0x4c, 0x42, 0x45, 0x0a, 
    0xac, 0x9e, 0x2e, 0x00, 0x60, 0x04, 0x19, 0x06, 0xc1, 0x10, 0x0d, 0x02, 
    0x24, 0xc1, 0x2c, 0x02, 0xb2, 0x50, 0x61, 0x0d, 0x49, 0x8f, 0xb8, 0x0f, 
    0xf4, 0xae, 0x04, 0x0a, 0xd0, 0x44, 0x62, 0x0c, 0x83, 0xb6, 0xe3, 0x04, 
    0x92, 0xf0, 0xe0, 0x07, 0x92, 0xda, 0xf0, 0x0a, 0x19, 0x80, 0x81, 0x06, 
    0xd1, 0xdc, 0xb9, 0x00, 0x5c, 0xe8, 0x36, 0x08, 0xf0, 0xf9, 0x50, 0x00, 
    0x2e, 0xd4, 0x48, 0x0a, 0xd5, 0xf2, 0x8b, 0x04, 0xe4, 0x00, 0x47, 0x0e, 
    0xda, 0xd9, 0xfa, 0x0f, 0xe3, 0xcd, 0xf9, 0x03, 0xce, 0x4f, 0x3d, 0x0e, 
    0x1b, 0x15, 0xdf, 0x0c, 0x76, 0x14, 0xf3, 0x09, 0xfa, 0x21, 0x95, 0x07, 
    0x0f, 0x18, 0xed, 0x0c, 0xd6, 0x08, 0x93, 0x00, 0x1c, 0xe7, 0x78, 0x0f, 
    0x06, 0x1e, 0xca, 0x08, 0xe0, 0x0d, 0x73, 0x0f, 0x47, 0xe5, 0x97, 0x02, 
    0x94, 0x37, 0x79, 0x04, 0x9f, 0x9a, 0xe3, 0x05, 0x29, 0x67, 0x98, 0x0f, 
    0x9b, 0x37, 0x1c, 0x06, 0xde, 0xaa, 0xa1, 0x06, 0xbb, 0xd6, 0x86, 0x01, 
    0x17, 0x44, 0x9d, 0x01, 0xf3, 0x4a, 0xa1, 0x0a, 0x7c, 0x40, 0x27, 0x0f, 
    0x71, 0x6b, 0x9c, 0x0f, 0x90, 0x23, 0xf9, 0x0f, 0xa9, 0x5c, 0x57, 0x0c, 
    0xac, 0x57, 0x6a, 0x0e, 0x84, 0x3b, 0xac, 0x09, 0x0d, 0xdb, 0xf0, 0x0b, 
    0x6f, 0x47, 0x75, 0x03, 0x85, 0x0d, 0xd5, 0x02, 0x07, 0x11, 0x2c, 0x00, 
    0x75, 0x7e, 0x84, 0x08, 0x73, 0xb0, 0x4b, 0x07, 0xae, 0x97, 0x7b, 0x01, 
    0x3e, 0x1e, 0x30, 0x08, 0x5c, 0x4c, 0x9a, 0x0f, 0xa6, 0x66, 0xf6, 0x02, 
    0x13, 0x88, 0xdb, 0x0c, 0xf4, 0x72, 0xb8, 0x0c, 0x39, 0xf3, 0xe6, 0x07, 
    0x94, 0x57, 0x36, 0x03, 0x88, 0xad, 0xbf, 0x08, 0x63, 0x24, 0xd8, 0x03, 
    0x41, 0x2b, 0x7a, 0x07, 0xf5, 0xb6, 0x1b, 0x0a, 0x04, 0x0f, 0x2c, 0x08, 
    0x54, 0x34, 0x03, 0x0d, 0xd3, 0x31, 0x08, 0x0e, 0x3e, 0x82, 0xf8, 0x08, 
    0x53, 0x44, 0x4a, 0x02, 0xb2, 0xdc, 0x93, 0x04, 0x11, 0xd7, 0xad, 0x08, 
    0x83, 0x31, 0x0e, 0x05, 0x04, 0x56, 0xbd, 0x00, 0x06, 0x9d, 0xe6, 0x0d, 
    0xf4, 0xcc, 0xa7, 0x0f, 0xbe, 0xde, 0x90, 0x0e, 0xfd, 0x75, 0x4b, 0x09, 
    0xff, 0x3a, 0xc5, 0x0d, 0xbe, 0x42, 0x90, 0x0f, 0x0c, 0x57, 0x2f, 0x03, 
    0x82, 0x27, 0xc8, 0x06, 0x64, 0x4b, 0x70, 0x05, 0x94, 0x95, 0xc3, 0x0c, 
    0xe0, 0xf6, 0x24, 0x06, 0x11, 0x13, 0x83, 0x01, 0xb9, 0x07, 0x67, 0x09, 
    0xec, 0xbb, 0x8e, 0x01, 0x29, 0x34, 0x39, 0x0b, 0x6e, 0x03, 0xef, 0x06, 
    0xc7, 0xfc, 0xc8, 0x09, 0xdf, 0x5d, 0x3d, 0x0b, 0x91, 0xb1, 0x1f, 0x04, 
    0x56, 0x67, 0xb8, 0x03, 0xaf, 0x37, 0x58, 0x02, 0xf5, 0xff, 0xa8, 0x03, 
    0x7f, 0xbf, 0xe2, 0x01, 0xd4, 0xd4, 0xb6, 0x0d, 0xe1, 0xd5, 0x88, 0x01, 
    0x64, 0x3c, 0x23, 0x0a, 0xe7, 0x87, 0x6f, 0x01, 0x1d, 0xb0, 0x03, 0x0a, 
    0xf1, 0xd3, 0xe6, 0x03, 0xf3, 0x98, 0xc8, 0x02, 0x69, 0x7c, 0x4f, 0x01, 
    0x8b, 0x2d, 0x06, 0x05, 0xa9, 0x6a, 0xe9, 0x09, 0xc2, 0xdf, 0x94, 0x00, 
    0x61, 0x4a, 0xf2, 0x04, 0x59, 0xbb, 0xd6, 0x01, 0xc1, 0xb7, 0xb7, 0x0f, 
    0xf3, 0x52, 0xe5, 0x0f, 0x32, 0x13, 0x10, 0x03, 0x66, 0x47, 0x14, 0x05, 
    0x06, 0x1d, 0x95, 0x07, 0x9f, 0xd9, 0xd3, 0x01, 0x72, 0xbb, 0xa3, 0x03, 
    0xe6, 0x48, 0x4e, 0x0b, 0x49, 0x1e, 0x67, 0x0b, 0xb5, 0xfc, 0xfa, 0x0d, 
    0x4f, 0x69, 0x25, 0x07, 0x90, 0x52, 0xf4, 0x08, 0x9e, 0x26, 0xca, 0x0a, 
    0x9f, 0x69, 0xc6, 0x04, 0x0e, 0x48, 0x74, 0x04, 0x47, 0xf4, 0xa7, 0x0e, 
    0x0e, 0xba, 0x4d, 0x02, 0x7f, 0x4e, 0xec, 0x02, 0x48, 0x1d, 0x00, 0x04, 
    0x13, 0xb0, 0x6a, 0x00, 0x9f, 0xe4, 0x3a, 0x0f, 0x2c, 0xcb, 0xb9, 0x09, 
    0xe1, 0x78, 0xea, 0x00, 0x81, 0x18, 0x08, 0x0d, 0x53, 0x76, 0x33, 0x02, 
    0x15, 0x41, 0x08, 0x07, 0xda, 0xa7, 0x9c, 0x0f, 0x0a, 0x2f, 0x80, 0x09, 
    0xa8, 0x03, 0x97, 0x0b, 0x7c, 0x9e, 0xb2, 0x07, 0x30, 0x6f, 0xe5, 0x0d, 
    0x59, 0xdc, 0x68, 0x00, 0x49, 0x7e, 0xb0, 0x04, 0x8d, 0x2a, 0x06, 0x08, 
    0x7e, 0x7f, 0x64, 0x03, 0x51, 0x93, 0xf5, 0x01, 0xcd, 0xd5, 0x24, 0x0b, 
    0x3b, 0x16, 0x9c, 0x03, 0x16, 0x7a, 0xee, 0x09, 0xb0, 0x29, 0x83, 0x0c, 
    0x9e, 0x80, 0x69, 0x0d, 0xda, 0x4d, 0xeb, 0x0d, 0x87, 0x6e, 0x29, 0x0a, 
    0xba, 0xa0, 0x7b, 0x0a, 0x12, 0xa2, 0x26, 0x0c, 0x21, 0x36, 0x0c, 0x0d, 
    0x52, 0xae, 0x0a, 0x00, 0x43, 0x13, 0x7e, 0x0f, 0x57, 0xa7, 0x35, 0x0a, 
    0xdf, 0x60, 0xab, 0x09, 0x18, 0xbc, 0xda, 0x08, 0x7a, 0xec, 0xc1, 0x0e, 
    0xad, 0x3f, 0x15, 0x07, 0xb0, 0xc9, 0xd1, 0x00, 0xf3, 0xe2, 0x09, 0x09, 
    0x42, 0xa0, 0x8d, 0x04, 0x20, 0x7c, 0x4d, 0x0c, 0xb6, 0xb6, 0xe5, 0x06, 
    0xd5, 0x07, 0xd7, 0x02, 0xa0, 0x2d, 0xb8, 0x0e, 0xd4, 0x66, 0x1a, 0x04, 
    0x92, 0x04, 0x02, 0x08, 0xea, 0x4a, 0x87, 0x07, 0x78, 0xbe, 0xca, 0x02, 
    0x57, 0xae, 0x6d, 0x00, 0xa4, 0x4f, 0xbd, 0x05, 0x56, 0x9c, 0xd8, 0x0f, 
    0xae, 0xc0, 0x75, 0x0f, 0xc5, 0xf6, 0xf4, 0x0d, 0x55, 0x79, 0x27, 0x00, 
    0x3c, 0x86, 0x6d, 0x09, 0x56, 0xb7, 0x57, 0x07, 0x4b, 0x77, 0x2a, 0x0e, 
    0xb5, 0x7f, 0x41, 0x09, 0xda, 0x50, 0x49, 0x03, 0x3c, 0xf9, 0x7f, 0x06, 
    0x99, 0xe5, 0x49, 0x0d, 0x91, 0x75, 0xd2, 0x08, 0x5c, 0x95, 0x40, 0x02, 
    0x54, 0xfe, 0x10, 0x0c, 0x8b, 0x44, 0x6b, 0x09, 0x5f, 0x24, 0x13, 0x0b, 
    0xf7, 0xc7, 0xa1, 0x05, 0x9e, 0x4b, 0xa6, 0x09, 0x3d, 0x95, 0x8f, 0x02, 
    0x31, 0x5d, 0xf3, 0x0b, 0x40, 0x0e, 0x15, 0x08, 0x4e, 0x6a, 0xa8, 0x0f, 
    0xf3, 0xa0, 0x3e, 0x0b, 0x89, 0xb0, 0xc8, 0x09, 0x44, 0x77, 0x81, 0x0a, 
    0x1a, 0x46, 0x1c, 0x07, 0xaf, 0x34, 0x9a, 0x07, 0x19, 0x7d, 0x97, 0x02, 
    0x52, 0xa3, 0x0b, 0x04, 0xe8, 0x4c, 0xad, 0x0b, 0xc3, 0xe8, 0x45, 0x05, 
    0xb2, 0xe3, 0x69, 0x08, 0x24, 0xfe, 0xcd, 0x02, 0xf1, 0x25, 0x08, 0x0e, 
    0xb7, 0xee, 0x87, 0x05, 0xe8, 0x91, 0xe0, 0x0a, 0xd4, 0x0c, 0xcf, 0x0a, 
    0x21, 0x4a, 0xe3, 0x08, 0x00, 0x13, 0xeb, 0x0f, 0x29, 0x35, 0x39, 0x0f, 
    0x03, 0x16, 0xc1, 0x02, 0x4c, 0x25, 0xc2, 0x0e, 0xb7, 0xfd, 0x61, 0x0a, 
    0xbd, 0xdb, 0x1e, 0x02, 0xef, 0xff, 0xfc, 0x0a, 0xa1, 0x26, 0x5b, 0x02, 
    0x39, 0x4b, 0x10, 0x06, 0x84, 0x90, 0x1a, 0x0a, 0x9a, 0xe6, 0x76, 0x0e, 
    0x14, 0x61, 0xeb, 0x0e, 0x89, 0x27, 0xdc, 0x0e, 0x37, 0x02, 0xe7, 0x07, 
    0x11, 0xd5, 0x3a, 0x01, 0x03, 0xe8, 0x64, 0x01, 0x36, 0x12, 0xbb, 0x02, 
    0x71, 0x6b, 0xcd, 0x0b, 0xf4, 0x34, 0x68, 0x0a, 0x3a, 0x45, 0x9e, 0x09, 
    0xec, 0xcd, 0xec, 0x02, 0x78, 0xb8, 0x5b, 0x05, 0x10, 0x0d, 0xdc, 0x06, 
    0x98, 0xa9, 0xe8, 0x0e, 0x49, 0x88, 0xde, 0x0c, 0x55, 0x91, 0x70, 0x0a, 
    0xa2, 0xfa, 0x42, 0x03, 0x14, 0x98, 0xc0, 0x0c, 0x9f, 0xf3, 0x35, 0x0c, 
    0x71, 0x4a, 0x1d, 0x00, 0x13, 0xf0, 0x79, 0x03, 0x9c, 0xd1, 0x4e, 0x07, 
    0xd4, 0x05, 0x6e, 0x0f, 0xae, 0x73, 0x6d, 0x06, 0x38, 0x68, 0xc7, 0x00, 
    0xa9, 0x94, 0x4a, 0x02, 0x05, 0x35, 0xc7, 0x0c, 0xe0, 0x3d, 0x4d, 0x08, 
    0x67, 0x37, 0xf8, 0x00, 0xa9, 0x00, 0xec, 0x0b, 0xe7, 0xed, 0x02, 0x02, 
    0xbe, 0x9e, 0x81, 0x08, 0x0c, 0x4e, 0xe0, 0x0e, 0x82, 0x4b, 0x12, 0x09, 
    0x63, 0x10, 0xe6, 0x00, 0x1e, 0xdd, 0xfc, 0x0e, 0x42, 0xf5, 0x5a, 0x0e, 
    0x85, 0xea, 0xe0, 0x03, 0xc8, 0xf6, 0xd1, 0x01, 0x36, 0x47, 0xe2, 0x08, 
    0x37, 0xa4, 0xe1, 0x00, 0x9b, 0x36, 0xc3, 0x0d, 0xb6, 0xbd, 0x9d, 0x05, 
    0xbb, 0x60, 0xae, 0x08, 0x50, 0x55, 0xc0, 0x0e, 0x03, 0x55, 0x47, 0x00, 
    0x8e, 0xb7, 0xcf, 0x0b, 0x8e, 0x5b, 0xad, 0x02, 0x06, 0xf1, 0x34, 0x0d, 
    0xbb, 0x7d, 0xdd, 0x0d, 0x67, 0x81, 0xa6, 0x06, 0x96, 0xa9, 0x66, 0x02, 
    0x22, 0xed, 0x3b, 0x05, 0x8f, 0x5b, 0x7a, 0x03, 0x32, 0xe2, 0x7a, 0x0e, 
    0xa6, 0x6b, 0x74, 0x0b, 0xcf, 0xe7, 0xb0, 0x01, 0x29, 0x7d, 0xe2, 0x04, 
    0x1d, 0xad, 0xd8, 0x0f, 0xa4, 0x86, 0xee, 0x01, 0x72, 0x1d, 0x28, 0x0c, 
    0xe9, 0x52, 0xd5, 0x03, 0x4b, 0x81, 0x36, 0x0d, 0xda, 0x43, 0xa6, 0x0c, 
    0x48, 0x97, 0x57, 0x01, 0x31, 0x7d, 0x44, 0x06, 0x6a, 0x81, 0x3a, 0x09, 
    0x6b, 0x30, 0x72, 0x08, 0x18, 0x33, 0xab, 0x0c, 0x60, 0x5a, 0xfc, 0x04, 
    0x88, 0xd7, 0x02, 0x0d, 0x08, 0xae, 0x24, 0x0f, 0x70, 0xc2, 0xee, 0x0c, 
    0xf5, 0x22, 0xb7, 0x05, 0xd5, 0x83, 0x33, 0x0d, 0x8e, 0xb6, 0x35, 0x0a, 
    0x5a, 0x57, 0x00, 0x0a, 0xd8, 0x2e, 0x87, 0x02, 0x30, 0x9a, 0xaf, 0x06, 
    0x92, 0x18, 0xa6, 0x0b, 0x4b, 0x78, 0x87, 0x0f, 0xac, 0x23, 0x4d, 0x0d, 
    0x09, 0xad, 0xeb, 0x00, 0x03, 0x45, 0xdc, 0x07, 0x83, 0x74, 0x86, 0x06, 
    0x5e, 0xad, 0x1c, 0x05, 0x1c, 0x5a, 0x5b, 0x0f, 0xa7, 0xfe, 0x0f, 0x03, 
    0x2c, 0xe4, 0x08, 0x0c, 0x3b, 0xb2, 0xde, 0x01, 0x78, 0xbb, 0x2a, 0x02, 
    0xd8, 0x36, 0x72, 0x01, 0x5e, 0xf9, 0x33, 0x09, 0xff, 0xca, 0x68, 0x00, 
    0xf2, 0xf5, 0x25, 0x08, 0xb6, 0x3d, 0xb0, 0x01, 0x1a, 0x0a, 0x29, 0x07, 
    0x2f, 0x86, 0x77, 0x03, 0xc8, 0x47, 0xf3, 0x08, 0xbc, 0x2a, 0xf3, 0x01, 
    0xea, 0x90, 0xfe, 0x02, 0xa6, 0x95, 0xd5, 0x07, 0xdf, 0x5e, 0xc2, 0x0b, 
    0x14, 0x42, 0x3a, 0x06, 0x4f, 0x1d, 0xa3, 0x07, 0x1e, 0xdf, 0x4e, 0x0a, 
    0xfe, 0x0c, 0xc3, 0x09, 0xff, 0x7e, 0x7c, 0x01, 0xbb, 0xd0, 0x7c, 0x03, 
    0xed, 0xcf, 0x76, 0x0c, 0xb2, 0x17, 0x81, 0x09, 0x93, 0xf4, 0x11, 0x04, 
    0x40, 0x8b, 0x46, 0x0a, 0x78, 0x0d, 0xd0, 0x0d, 0x29, 0x87, 0xc6, 0x01, 
    0xf7, 0xf6, 0xfd, 0x05, 0x00, 0x2c, 0xa2, 0x06, 0xcd, 0x79, 0x20, 0x09, 
    0x41, 0xf3, 0xd9, 0x04, 0xfc, 0xd2, 0x5f, 0x01, 0xee, 0x7e, 0x7e, 0x0a, 
    0x5c, 0xee, 0xbd, 0x09, 0xf5, 0x85, 0xe4, 0x03, 0xe7, 0x6e, 0x8e, 0x0c, 
    0xa0, 0x60, 0x1e, 0x0c, 0xeb, 0x41, 0xb6, 0x0d, 0x29, 0x21, 0xcd, 0x0f, 
    0x1b, 0x31, 0xe8, 0x07, 0x63, 0x7b, 0xd6, 0x03, 0x0e, 0xfe, 0x71, 0x03, 
    0x46, 0xde, 0xf6, 0x0d, 0x52, 0xd5, 0x69, 0x05, 0x71, 0x15, 0x4f, 0x08, 
    0xab, 0xa4, 0x1d, 0x0e, 0x96, 0xfe, 0x49, 0x0f, 0xaf, 0xb6, 0x6a, 0x00, 
    0x68, 0xc7, 0xcb, 0x06, 0xc1, 0x60, 0x64, 0x09, 0x95, 0x04, 0xcc, 0x0a, 
    0xf0, 0x10, 0xd0, 0x0e, 0xda, 0x96, 0x29, 0x0f, 0x4d, 0xb6, 0x61, 0x0e, 
    0xfc, 0x08, 0x41, 0x0d, 0xe7, 0xf3, 0x7a, 0x09, 0x81, 0xc4, 0x8a, 0x0e, 
    0xe4, 0xb5, 0xef, 0x0b, 0x60, 0x14, 0xed, 0x0e, 0x56, 0x53, 0xcd, 0x0f, 
    0x13, 0x6b, 0xf0, 0x0e, 0x73, 0x5c, 0x9f, 0x04, 0x81, 0x88, 0x2c, 0x03, 
    0x71, 0xe5, 0x05, 0x07, 0x26, 0x54, 0x42, 0x0d, 0x45, 0x7a, 0xd9, 0x08, 
    0x01, 0x93, 0xbb, 0x02, 0x75, 0x72, 0x98, 0x0e, 0xec, 0xf7, 0x75, 0x0f, 
    0x78, 0xa6, 0xb3, 0x08, 0x63, 0xc4, 0x0f, 0x09, 0xce, 0x19, 0x33, 0x09, 
    0x2e, 0x58, 0x79, 0x00, 0xa6, 0xf7, 0x3d, 0x03, 0x4b, 0x58, 0x2b, 0x02, 
    0xc3, 0x69, 0xe5, 0x03, 0x5c, 0x7c, 0xf9, 0x0b, 0xc2, 0x75, 0x72, 0x03, 
    0xd6, 0x5e, 0xc1, 0x0b, 0x51, 0x30, 0x10, 0x0e, 0xf6, 0x72, 0x4e, 0x06, 
    0x45, 0x1d, 0x05, 0x01, 0xff, 0x1a, 0x18, 0x07, 0xea, 0x30, 0x2d, 0x07, 
    0xd7, 0xb8, 0xd6, 0x05, 0x04, 0x1a, 0x6e, 0x00, 0x0e, 0xd2, 0xe5, 0x0e, 
    0xc2, 0x5d, 0xa7, 0x05, 0xe6, 0xec, 0x5f, 0x0d, 0x04, 0xb4, 0x4c, 0x0b, 
    0x01, 0x40, 0xa0, 0x0d, 0x59, 0x88, 0xba, 0x05, 0xa1, 0x80, 0x40, 0x06, 
    0xec, 0xd0, 0xcc, 0x09, 0x80, 0x16, 0xcf, 0x0d, 0x5b, 0x33, 0x9b, 0x07, 
    0xdb, 0xba, 0xa6, 0x05, 0x66, 0xab, 0x31, 0x09, 0x68, 0x01, 0x57, 0x07, 
    0xb0, 0x56, 0x32, 0x00, 0x3b, 0x90, 0x5b, 0x0a, 0xac, 0x6e, 0x07, 0x02, 
    0xfc, 0x9a, 0x8f, 0x0f, 0x9f, 0x54, 0xb4, 0x0e, 0x44, 0x01, 0x00, 0x0a, 
    0xb6, 0x31, 0xc8, 0x0e, 0x67, 0x92, 0x97, 0x06, 0x96, 0x30, 0x07, 0x0d, 
    0x0f, 0x6f, 0x84, 0x04, 0xa2, 0x2e, 0xdf, 0x0b, 0x3c, 0x9e, 0xdc, 0x05, 
    0x3d, 0x55, 0x46, 0x0c, 0x26, 0x63, 0xf0, 0x00, 0xcc, 0x0f, 0x70, 0x09, 
    0x89, 0x0a, 0x14, 0x0e, 0x5e, 0xbe, 0xd0, 0x01, 0x38, 0x2c, 0xdf, 0x0f, 
    0xad, 0xc2, 0x0b, 0x0a, 0x9f, 0x21, 0x7e, 0x06, 0x01, 0x72, 0x26, 0x0e, 
    0xb7, 0x8b, 0x84, 0x05, 0xed, 0x8e, 0x33, 0x06, 0x5b, 0x64, 0x1d, 0x08, 
    0x01, 0xe9, 0xa0, 0x00, 0x03, 0x5e, 0xa9, 0x0f, 0x60, 0x9e, 0xea, 0x0e, 
    0x0f, 0x3b, 0x0f, 0x0d, 0xda, 0x05, 0xfd, 0x0c, 0x82, 0x3c, 0xf0, 0x07, 
    0x33, 0x37, 0xf8, 0x03, 0xbb, 0x9d, 0x40, 0x03, 0x14, 0x27, 0xa6, 0x0b, 
    0xf9, 0x9c, 0x60, 0x06, 0xca, 0x2d, 0x57, 0x0a, 0x59, 0x0a, 0x22, 0x00, 
    0xfc, 0xb9, 0xd4, 0x06, 0x13, 0xca, 0x23, 0x00, 0x9c, 0x47, 0xcc, 0x0a, 
    0x2a, 0x02, 0xd2, 0x02, 0x1f, 0x8c, 0x64, 0x01, 0x17, 0xe6, 0xe2, 0x04, 
    0x8f, 0x90, 0x2c, 0x07, 0xcb, 0x38, 0x00, 0x05, 0xba, 0x21, 0xad, 0x03, 
    0xab, 0xbc, 0xc7, 0x01, 0xe5, 0x68, 0xa6, 0x04, 0x07, 0xf3, 0x1c, 0x02, 
    0x02, 0xee, 0xea, 0x0c, 0xb2, 0xfb, 0x31, 0x05, 0xe6, 0x8c, 0x02, 0x01, 
    0x04, 0xf6, 0x22, 0x09, 0x74, 0xbc, 0x10, 0x09, 0x1b, 0x54, 0x5c, 0x03, 
    0x3b, 0x0a, 0xf8, 0x0c, 0x61, 0xe4, 0x34, 0x08, 0x52, 0x1e, 0x09, 0x0b, 
    0x53, 0x2e, 0x0f, 0x05, 0x29, 0x59, 0xa6, 0x05, 0xb1, 0x50, 0x95, 0x0e, 
    0x50, 0x14, 0x16, 0x0d, 0xe3, 0xd3, 0x73, 0x03, 0x4c, 0x8b, 0x75, 0x0a, 
    0xb8, 0x9b, 0x40, 0x06, 0xfb, 0x9e, 0x9e, 0x0b, 0x14, 0xc9, 0x0d, 0x0f, 
    0x01, 0xc3, 0x26, 0x0c, 0x20, 0x22, 0xd3, 0x06, 0x0f, 0xc0, 0x06, 0x06, 
    0xc1, 0xee, 0x2d, 0x0e, 0xe4, 0x12, 0x19, 0x0d, 0xb0, 0x6d, 0x55, 0x06, 
    0xe6, 0x18, 0x05, 0x09, 0x94, 0xf5, 0x4c, 0x0a, 0xe5, 0x26, 0xe3, 0x0b, 
    0xfe, 0xee, 0xfc, 0x02, 0x5c, 0xbb, 0xb0, 0x0f, 0x71, 0x5b, 0xdc, 0x0f, 
    0x71, 0x2b, 0x04, 0x02, 0x8d, 0x91, 0x0b, 0x05, 0xef, 0x87, 0x0b, 0x06, 
    0x5f, 0x5b, 0x6e, 0x00, 0x2f, 0xef, 0xd4, 0x07, 0x03, 0x86, 0x4e, 0x07, 
    0xcb, 0xfd, 0x29, 0x0e, 0x92, 0xb3, 0xbc, 0x07, 0xff, 0xd1, 0x09, 0x09, 
    0x77, 0xa0, 0x8e, 0x0c, 0xde, 0x4e, 0xab, 0x0e, 0x82, 0xf4, 0xf7, 0x04, 
    0xb2, 0xb4, 0x8e, 0x06, 0xd0, 0x29, 0x32, 0x0f, 0x07, 0x06, 0xc6, 0x09, 
    0xb1, 0x7c, 0xc8, 0x03, 0xed, 0xc1, 0x56, 0x0c, 0x32, 0xf6, 0xa8, 0x08, 
    0x50, 0xd6, 0x9b, 0x09, 0x23, 0xda, 0x85, 0x0a, 0x4e, 0x0d, 0x12, 0x0a, 
    0x4a, 0x1b, 0x48, 0x0d, 0x53, 0xb9, 0xc4, 0x09, 0xa3, 0xd6, 0x4f, 0x03, 
    0xec, 0xcd, 0xb3, 0x03, 0x89, 0x91, 0xb7, 0x04, 0x39, 0xcf, 0xc4, 0x02, 
    0x3c, 0x54, 0x62, 0x09, 0xae, 0xc2, 0x05, 0x05, 0x88, 0x8b, 0x53, 0x0e, 
    0x68, 0x7a, 0x3d, 0x09, 0x80, 0xb1, 0x05, 0x05, 0xe4, 0xa3, 0x41, 0x01, 
    0xa7, 0x3c, 0xa1, 0x01, 0xac, 0x2e, 0xd6, 0x0e, 0x36, 0x71, 0x78, 0x0d, 
    0xd5, 0x6d, 0x77, 0x09, 0x9c, 0x1c, 0xa0, 0x0a, 0x37, 0xd3, 0x05, 0x07, 
    0x0d, 0xf5, 0x75, 0x08, 0x83, 0x84, 0x65, 0x05, 0xf7, 0x8d, 0x63, 0x05, 
    0x96, 0x9b, 0xfa, 0x0d, 0x27, 0xe5, 0xad, 0x05, 0x1c, 0x59, 0xd9, 0x06, 
    0x51, 0x8c, 0xeb, 0x03, 0xc5, 0x06, 0x01, 0x0f, 0x0d, 0x4a, 0x51, 0x0a, 
    0xbf, 0x8a, 0x4f, 0x09, 0x98, 0x4d, 0x89, 0x0a, 0xfe, 0xb6, 0x00, 0x02, 
    0xd4, 0x14, 0xa7, 0x0d, 0xca, 0x33, 0xc8, 0x07, 0x88, 0x15, 0x6d, 0x0d, 
    0xb7, 0x1f, 0x99, 0x06, 0x99, 0x10, 0x85, 0x03, 0x5c, 0xff, 0xaf, 0x07, 
    0x9e, 0x90, 0x39, 0x09, 0x22, 0xc5, 0x5c, 0x0c, 0x06, 0xfa, 0x4a, 0x02, 
    0xef, 0x8c, 0xbc, 0x0b, 0x70, 0x63, 0xd7, 0x04, 0xde, 0x9e, 0x79, 0x06, 
    0xcc, 0xaa, 0x7a, 0x0f, 0xc5, 0x69, 0xe3, 0x0e, 0x27, 0xc4, 0xc4, 0x02, 
    0x10, 0xe9, 0xa2, 0x03, 0x8c, 0xd5, 0xe4, 0x04, 0xbe, 0xee, 0x76, 0x08, 
    0xcd, 0x4b, 0xe6, 0x09, 0x64, 0x67, 0xf8, 0x07, 0x6e, 0xea, 0xe4, 0x06, 
    0x3f, 0x61, 0xbe, 0x01, 0xa3, 0x6f, 0xc5, 0x0c, 0x43, 0x2e, 0x22, 0x04, 
    0x02, 0x01, 0x1e, 0x07, 0xac, 0x3d, 0x1c, 0x03, 0xfe, 0x23, 0x7c, 0x07, 
    0x31, 0x80, 0xf6, 0x0b, 0xbd, 0x79, 0x8f, 0x06, 0x9c, 0xd7, 0x38, 0x0c, 
    0x24, 0x21, 0x50, 0x0c, 0x72, 0x70, 0x4e, 0x0c, 0x95, 0xb1, 0x2f, 0x0d, 
    0xb0, 0xcf, 0x4d, 0x00, 0x46, 0xaa, 0x39, 0x09, 0xa5, 0x14, 0x57, 0x07, 
    0xe7, 0xc7, 0x6d, 0x01, 0x11, 0xc5, 0xa2, 0x0b, 0x0c, 0x77, 0xac, 0x00, 
    0x8d, 0x6e, 0x03, 0x06, 0x11, 0x56, 0xd1, 0x05, 0xf8, 0xa0, 0x4a, 0x09, 
    0xab, 0xfd, 0x20, 0x0d, 0x9e, 0x86, 0x36, 0x07, 0x6c, 0xe7, 0x18, 0x0a, 
    0x5c, 0x64, 0x65, 0x0d, 0xa0, 0x39, 0x87, 0x00, 0x80, 0xd2, 0xe8, 0x01, 
    0xe1, 0x49, 0x84, 0x01, 0xb0, 0xbb, 0x5c, 0x09, 0xb1, 0x27, 0xed, 0x0c, 
    0xa7, 0x05, 0xb9, 0x0e, 0x86, 0x29, 0x17, 0x07, 0x51, 0xed, 0xc7, 0x0a, 
    0x3a, 0x17, 0xfd, 0x0c, 0xf6, 0x4b, 0xfe, 0x04, 0xe9, 0x54, 0x55, 0x02, 
    0x85, 0x3a, 0x0a, 0x08, 0x77, 0x7f, 0x09, 0x03, 0x34, 0x78, 0xf4, 0x07, 
    0x2f, 0x3b, 0xd0, 0x0c, 0x60, 0xab, 0x52, 0x03, 0x28, 0x58, 0x21, 0x02, 
    0x75, 0x9f, 0xe1, 0x09, 0x0a, 0x19, 0xba, 0x09, 0xfc, 0xc7, 0xf6, 0x0c, 
    0xe7, 0x8e, 0xc0, 0x0c, 0x1c, 0x6f, 0x96, 0x05, 0xee, 0xab, 0x82, 0x01, 
    0x54, 0xc4, 0x3a, 0x08, 0x28, 0x6e, 0x5d, 0x01, 0x49, 0x49, 0x59, 0x02, 
    0x8e, 0xfe, 0x79, 0x0b, 0xe0, 0x7c, 0x51, 0x0c, 0x92, 0x3e, 0xa6, 0x02, 
    0xb9, 0x21, 0x7e, 0x0c, 0xa0, 0x56, 0xa9, 0x03, 0x37, 0xd4, 0x1b, 0x05, 
    0x00, 0x13, 0xbf, 0x08, 0xaf, 0xb0, 0x8d, 0x01, 0x19, 0x39, 0x30, 0x0b, 
    0x7f, 0x99, 0xe2, 0x04, 0x32, 0x79, 0xa6, 0x0c, 0x8f, 0x2e, 0x87, 0x0c, 
    0x37, 0x11, 0x22, 0x07, 0xbe, 0xdc, 0x18, 0x05, 0xd5, 0xc4, 0x9e, 0x09, 
    0x56, 0x48, 0xc2, 0x03, 0xf3, 0xe1, 0xdf, 0x04, 0x5d, 0xcd, 0x67, 0x0c, 
    0x49, 0x3e, 0x6e, 0x07, 0xb6, 0x9d, 0x52, 0x09, 0xa1, 0xd0, 0x59, 0x03, 
    0xc8, 0x49, 0xfd, 0x0e, 0x3c, 0xa3, 0xee, 0x08, 0x29, 0xd0, 0x14, 0x07, 
    0x89, 0x06, 0x58, 0x05, 0xf7, 0xa1, 0x03, 0x08, 0x3b, 0x6b, 0xae, 0x09, 
    0xa5, 0x8a, 0x95, 0x01, 0xa1, 0x31, 0xfb, 0x0c, 0x8c, 0xbd, 0xf5, 0x0a, 
    0x2c, 0x03, 0x7a, 0x09, 0x06, 0x24, 0x5d, 0x0f, 0x12, 0x2f, 0x01, 0x00, 
    0x00, 0xad, 0xae, 0x04, 0xc4, 0x4b, 0xe5, 0x06, 0x97, 0x1f, 0xc6, 0x04, 
    0x9c, 0x45, 0x21, 0x07, 0x39, 0x9f, 0x3f, 0x05, 0x06, 0xae, 0x9b, 0x0e, 
    0xa4, 0xbe, 0x72, 0x09, 0x11, 0x8d, 0x87, 0x0a, 0xf1, 0x95, 0xcc, 0x03, 
    0x63, 0xd7, 0x2f, 0x0f, 0x31, 0x56, 0x64, 0x0a, 0x10, 0xad, 0xc6, 0x0b, 
    0x22, 0x53, 0xdd, 0x0d, 0x82, 0xc3, 0x66, 0x0d, 0x30, 0x06, 0x1f, 0x06, 
    0x44, 0x7c, 0x1d, 0x0d, 0x95, 0xac, 0xb2, 0x0e, 0x01, 0x31, 0x98, 0x02, 
    0xde, 0x45, 0xe1, 0x0f, 0xda, 0xe0, 0x80, 0x07, 0x18, 0xa7, 0x75, 0x02, 
    0xb4, 0x74, 0xad, 0x04, 0x99, 0x04, 0x64, 0x01, 0xe0, 0x13, 0xd2, 0x03, 
    0x09, 0xfc, 0x97, 0x03, 0x8d, 0x4d, 0xb9, 0x03, 0x96, 0x05, 0x2b, 0x07, 
    0xe3, 0x00, 0xbc, 0x0d, 0xff, 0xc8, 0x5c, 0x0f, 0xac, 0xb6, 0x83, 0x09, 
    0x3c, 0x32, 0x80, 0x0e, 0x65, 0x25, 0x9d, 0x0a, 0x82, 0xf4, 0x4b, 0x0e, 
    0xfb, 0x20, 0x6d, 0x08, 0x96, 0x04, 0x44, 0x0f, 0x52, 0xe3, 0x49, 0x09, 
    0x7e, 0x77, 0x0f, 0x02, 0xd0, 0xa9, 0x29, 0x03, 0x11, 0xc1, 0xfe, 0x09, 
    0x01, 0x34, 0x68, 0x02, 0x62, 0x15, 0xd5, 0x00, 0xeb, 0xdd, 0xc3, 0x06, 
    0x59, 0x1a, 0xc4, 0x0c, 0x90, 0xa0, 0x11, 0x09, 0x8e, 0x9d, 0x14, 0x0f, 
    0xa9, 0xc8, 0x64, 0x06, 0x94, 0xde, 0xe6, 0x0b, 0x0c, 0xf9, 0xda, 0x07, 
    0x02, 0xb6, 0x14, 0x0f, 0x8c, 0x93, 0xa1, 0x03, 0xb5, 0x7c, 0xe4, 0x0d, 
    0x87, 0xed, 0xd0, 0x09, 0x97, 0x60, 0x65, 0x0c, 0x56, 0xb7, 0xad, 0x0b, 
    0x86, 0x5f, 0x23, 0x00, 0x44, 0xf9, 0x40, 0x00, 0x4c, 0xc9, 0xa5, 0x09, 
    0xd9, 0x57, 0x41, 0x0b, 0xde, 0x29, 0x23, 0x07, 0xea, 0x49, 0x6d, 0x03, 
    0x76, 0x8d, 0x43, 0x02, 0x51, 0x4d, 0x5c, 0x06, 0xc8, 0x7d, 0x36, 0x06, 
    0x96, 0xb7, 0xec, 0x02, 0x4b, 0x50, 0xc7, 0x02, 0xb9, 0x9a, 0x06, 0x00, 
    0x9f, 0xa8, 0x14, 0x0b, 0x87, 0x40, 0x70, 0x0f, 0xf2, 0xf3, 0xaa, 0x08, 
    0x40, 0x83, 0xcd, 0x0d, 0x0b, 0x37, 0x19, 0x09, 0x69, 0x6f, 0x0b, 0x07, 
    0x81, 0x7a, 0x20, 0x00, 0x80, 0x0e, 0x90, 0x06, 0x07, 0xce, 0x98, 0x0e, 
    0x58, 0xa3, 0x95, 0x00, 0x5b, 0x3b, 0x7c, 0x0f, 0x5d, 0xca, 0x1d, 0x0b, 
    0xaa, 0x8f, 0xd8, 0x08, 0x96, 0xdb, 0x65, 0x0c, 0x43, 0xe0, 0x28, 0x01, 
    0xcf, 0x9c, 0x62, 0x0e, 0x75, 0x48, 0xd0, 0x0d, 0x2d, 0x2a, 0xc6, 0x09, 
    0xf2, 0xdb, 0x52, 0x00, 0xde, 0xbf, 0x3b, 0x05, 0x30, 0xd8, 0x06, 0x04, 
    0xf7, 0xca, 0xdc, 0x0a, 0x86, 0x8f, 0x42, 0x0e, 0x7d, 0x70, 0xaa, 0x00, 
    0x05, 0xf8, 0x37, 0x0f, 0x84, 0x80, 0x77, 0x01, 0xd1, 0x97, 0x51, 0x07, 
    0x96, 0x60, 0x1c, 0x05, 0x7a, 0xff, 0x57, 0x03, 0xb4, 0x88, 0xbe, 0x0a, 
    0x82, 0xc6, 0xfd, 0x0c, 0x41, 0xfc, 0x4d, 0x01, 0x25, 0x22, 0x2b, 0x0d, 
    0x9d, 0x6f, 0xb0, 0x04, 0x88, 0x88, 0xd5, 0x06, 0xd7, 0x6f, 0xaf, 0x0e, 
    0x6d, 0x59, 0xdd, 0x0b, 0xd7, 0xd9, 0xf9, 0x0d, 0x77, 0x6f, 0xae, 0x03, 
    0x4f, 0xa5, 0x8a, 0x06, 0xbf, 0xe8, 0x7b, 0x06, 0xb2, 0x2d, 0xf0, 0x02, 
    0x75, 0x1b, 0xba, 0x0a, 0x35, 0x1a, 0x21, 0x04, 0x4f, 0xd7, 0xa3, 0x06, 
    0x72, 0x72, 0x25, 0x01, 0x7b, 0xf3, 0x57, 0x06, 0x20, 0x37, 0xb6, 0x0f, 
    0xeb, 0x16, 0x21, 0x09, 0x8d, 0xd6, 0xc3, 0x0b, 0x95, 0x00, 0x02, 0x08, 
    0x18, 0xd0, 0xb2, 0x09, 0xbe, 0xc0, 0x68, 0x07, 0x47, 0x62, 0x78, 0x03, 
    0xa0, 0xad, 0x45, 0x01, 0x63, 0xa1, 0x1f, 0x0d, 0x11, 0x10, 0x80, 0x01, 
    0x53, 0x25, 0xf9, 0x07, 0x95, 0xb1, 0x22, 0x0f, 0xa5, 0x0f, 0x05, 0x05, 
    0xe4, 0x44, 0xe9, 0x04, 0xfd, 0xb4, 0x6f, 0x0e, 0xee, 0x67, 0x51, 0x09, 
    0xfc, 0x5a, 0x65, 0x06, 0x4e, 0x05, 0x88, 0x0e, 0x13, 0x70, 0x2f, 0x0f, 
    0x7c, 0xbb, 0x26, 0x0f, 0x2a, 0x58, 0x64, 0x05, 0xfb, 0xd9, 0xa4, 0x09, 
    0x98, 0x23, 0x42, 0x0e, 0x00, 0x99, 0x71, 0x07, 0xef, 0xf4, 0xe7, 0x05, 
    0x82, 0x3d, 0xa2, 0x0d, 0x9d, 0x4e, 0x08, 0x00, 0xba, 0xf5, 0x4d, 0x0d, 
    0x0a, 0xa1, 0xa2, 0x07, 0x74, 0xf5, 0x80, 0x04, 0x70, 0x07, 0x31, 0x04, 
    0xfd, 0x16, 0xe6, 0x07, 0x6e, 0x46, 0x16, 0x0a, 0xdd, 0x6c, 0xe8, 0x03, 
    0x27, 0x28, 0x0c, 0x0e, 0xe4, 0x38, 0x68, 0x06, 0xc4, 0xdb, 0x98, 0x01, 
    0xa0, 0x5d, 0x95, 0x04, 0x69, 0x52, 0x5d, 0x07, 0x5d, 0x9a, 0x5d, 0x0c, 
    0xd2, 0x1f, 0x39, 0x0e, 0x1f, 0xad, 0x6b, 0x0d, 0x8e, 0x4f, 0x3d, 0x08, 
    0xdf, 0x50, 0x14, 0x05, 0x61, 0x73, 0x4a, 0x05, 0x53, 0x89, 0xab, 0x09, 
    0xa1, 0x8e, 0xed, 0x0c, 0x37, 0x08, 0x7d, 0x08, 0x14, 0xda, 0xf8, 0x00, 
    0x79, 0xa2, 0x9f, 0x03, 0xeb, 0xb6, 0xd2, 0x0a, 0x38, 0x3e, 0x95, 0x05, 
    0x3b, 0x7f, 0x57, 0x09, 0x3e, 0x0c, 0x93, 0x08, 0x88, 0x68, 0xb1, 0x0a, 
    0x34, 0x1d, 0x67, 0x08, 0xfa, 0xc2, 0x2d, 0x02, 0x75, 0x31, 0x79, 0x02, 
    0xde, 0xf2, 0x19, 0x0b, 0x5e, 0x39, 0x1f, 0x01, 0xf4, 0x17, 0x81, 0x03, 
    0xf4, 0xed, 0x41, 0x0d, 0x68, 0x62, 0x05, 0x02, 0x1f, 0xcf, 0x5c, 0x02, 
    0x79, 0x25, 0x06, 0x0d, 0x5c, 0x92, 0xe8, 0x0c, 0xd3, 0x9a, 0xf1, 0x02, 
    0x61, 0x7d, 0xfe, 0x02, 0xa9, 0x0f, 0xa7, 0x09, 0x22, 0xfb, 0xef, 0x00, 
    0x00, 0x53, 0xd0, 0x0d, 0x08, 0xa7, 0xf1, 0x01, 0x84, 0xa8, 0x1b, 0x02, 
    0x33, 0x41, 0x42, 0x0d, 0x44, 0x1a, 0xbe, 0x0b, 0x6b, 0x82, 0xbf, 0x01, 
    0xa3, 0xa6, 0x49, 0x04, 0x91, 0x5b, 0x12, 0x0d, 0x10, 0x53, 0xa2, 0x0a, 
    0x46, 0x9c, 0x51, 0x06, 0x7a, 0xd7, 0x83, 0x0d, 0x98, 0xb7, 0x4d, 0x03, 
    0x53, 0xdb, 0xf7, 0x06, 0x3f, 0xb7, 0x3c, 0x08, 0x52, 0xf3, 0x79, 0x0b, 
    0xce, 0xc7, 0xaa, 0x06, 0xd5, 0xa2, 0xf2, 0x06, 0xa4, 0xd5, 0x82, 0x00, 
    0xba, 0x5b, 0xc7, 0x02, 0xe9, 0xab, 0x77, 0x00, 0x0b, 0x90, 0x9b, 0x0a, 
    0xae, 0xee, 0xac, 0x08, 0x23, 0x0a, 0x62, 0x06, 0x07, 0xa8, 0x36, 0x06, 
    0xcd, 0x11, 0x9f, 0x01, 0xac, 0x3e, 0x86, 0x0c, 0x91, 0x3f, 0xc4, 0x01, 
    0x99, 0xb5, 0xa3, 0x0c, 0x74, 0x93, 0x4e, 0x0f, 0x65, 0x5e, 0x8c, 0x0b, 
    0x6a, 0x3c, 0x69, 0x05, 0x94, 0x12, 0x83, 0x0e, 0xb0, 0x90, 0x78, 0x01, 
    0x0d, 0x7a, 0x9a, 0x01, 0x16, 0xfa, 0x38, 0x0b, 0x58, 0x9e, 0x42, 0x08, 
    0x89, 0x40, 0x6a, 0x00, 0x5d, 0xe6, 0x3d, 0x03, 0x3c, 0xfa, 0xf4, 0x0c, 
    0x27, 0x2b, 0xbf, 0x0e, 0x91, 0x4f, 0xdb, 0x0b, 0x8a, 0xa3, 0xc1, 0x0a, 
    0x6c, 0xef, 0x58, 0x0b, 0x13, 0x78, 0xe1, 0x08, 0xda, 0xde, 0xdb, 0x07, 
    0xad, 0xbf, 0x8e, 0x02, 0x1c, 0xee, 0xad, 0x0b, 0x07, 0x3a, 0x9d, 0x08, 
    0x3f, 0xfe, 0x18, 0x0b, 0x9f, 0x27, 0xd7, 0x06, 0x60, 0x2b, 0x19, 0x07, 
    0x37, 0x86, 0x5e, 0x03, 0xbd, 0xa4, 0x41, 0x0e, 0xbc, 0x5a, 0x74, 0x05, 
    0xbf, 0xf4, 0x8f, 0x06, 0x30, 0xd1, 0xf9, 0x00, 0x3c, 0xe4, 0xae, 0x0d, 
    0x79, 0x7a, 0x76, 0x0b, 0x4d, 0x98, 0x12, 0x0c, 0xad, 0x07, 0x5e, 0x09, 
    0x26, 0x20, 0x1c, 0x07, 0x5c, 0x14, 0xbc, 0x06, 0x03, 0x99, 0x39, 0x04, 
    0xd6, 0x7f, 0x75, 0x04, 0x51, 0x1f, 0xe1, 0x0b, 0x8e, 0x26, 0xa8, 0x08, 
    0xd1, 0xdf, 0x98, 0x0f, 0x59, 0x40, 0x0e, 0x00, 0x9d, 0xa5, 0xd3, 0x0a, 
    0x87, 0xde, 0x76, 0x01, 0x28, 0xde, 0x3e, 0x02, 0x63, 0x8e, 0xd4, 0x07, 
    0x36, 0x0d, 0x28, 0x00, 0x95, 0x5d, 0xed, 0x0f, 0x78, 0x1b, 0x1d, 0x0a, 
    0xb4, 0x0e, 0x83, 0x08, 0xd3, 0x74, 0xaf, 0x08, 0x58, 0x03, 0x80, 0x0a, 
    0xb8, 0xa2, 0xea, 0x0c, 0x29, 0x79, 0x72, 0x06, 0x77, 0x21, 0xfb, 0x06, 
    0x20, 0xf6, 0xc5, 0x02, 0xba, 0x28, 0x10, 0x07, 0x82, 0xd3, 0x1f, 0x04, 
    0x02, 0x52, 0xcd, 0x0f, 0x0d, 0x95, 0x98, 0x04, 0x71, 0x04, 0x9c, 0x03, 
    0xed, 0x03, 0x35, 0x0c, 0xce, 0xc6, 0xfb, 0x05, 0xa5, 0xa6, 0x2f, 0x0a, 
    0x46, 0x26, 0x21, 0x0d, 0x36, 0x6e, 0x30, 0x00, 0x86, 0x91, 0xb7, 0x0f, 
    0xae, 0xfa, 0x10, 0x00, 0x38, 0x3a, 0x10, 0x05, 0x46, 0x4f, 0x97, 0x0e, 
    0xcc, 0x23, 0x21, 0x04, 0x04, 0x84, 0x99, 0x06, 0x7e, 0xfd, 0x7a, 0x01, 
    0x70, 0xdb, 0xeb, 0x07, 0xab, 0x0d, 0xf7, 0x0c, 0x1c, 0x6f, 0x16, 0x0f, 
    0x83, 0xdd, 0xd6, 0x06, 0xe4, 0x94, 0x9d, 0x07, 0xb8, 0x53, 0x19, 0x04, 
    0x36, 0x00, 0x90, 0x00, 0xd2, 0x47, 0x75, 0x07, 0x8d, 0x7b, 0xe8, 0x0c, 
    0x6f, 0x7d, 0xdb, 0x0e, 0x13, 0x10, 0x16, 0x08, 0x74, 0x04, 0xf7, 0x09, 
    0xe8, 0x60, 0x8f, 0x09, 0x0b, 0x53, 0x25, 0x02, 0xd4, 0xfc, 0xd9, 0x05, 
    0x38, 0x18, 0x05, 0x0c, 0x8d, 0xd8, 0x9a, 0x05, 0x78, 0x98, 0x9f, 0x03, 
    0x18, 0x10, 0xb3, 0x06, 0x5b, 0xd3, 0x11, 0x02, 0xa9, 0xd1, 0xf8, 0x00, 
    0x95, 0x41, 0xe4, 0x04, 0x06, 0x37, 0xbd, 0x0c, 0x55, 0xad, 0xbe, 0x06, 
    0x9a, 0x13, 0xd7, 0x02, 0x08, 0x44, 0xbf, 0x07, 0x89, 0x67, 0x22, 0x07, 
    0xe3, 0x85, 0x25, 0x0c, 0x53, 0xb2, 0x71, 0x0f, 0x07, 0x39, 0xf4, 0x02, 
    0xab, 0x2e, 0x0d, 0x06, 0x5b, 0x65, 0x8f, 0x09, 0x7e, 0xde, 0xa7, 0x06, 
    0x2c, 0x24, 0xfe, 0x00, 0xc4, 0xec, 0x57, 0x08, 0x33, 0x5f, 0xc5, 0x0a, 
    0x0c, 0x77, 0xa9, 0x0d, 0xdf, 0xb9, 0x72, 0x07, 0x36, 0x41, 0x01, 0x05, 
    0xae, 0x3a, 0x3a, 0x0a, 0xd3, 0xb7, 0x1e, 0x07, 0x81, 0x30, 0xe9, 0x07, 
    0x42, 0x13, 0x46, 0x0f, 0x5e, 0x39, 0xb8, 0x07, 0x51, 0xde, 0x8b, 0x04, 
    0x8f, 0x50, 0x6b, 0x09, 0x84, 0x36, 0xa1, 0x08, 0x2e, 0x50, 0x0d, 0x0b, 
    0xdb, 0xdc, 0x10, 0x01, 0xc5, 0xf4, 0x33, 0x08, 0x44, 0xfe, 0x89, 0x00, 
    0xbe, 0xf2, 0x5f, 0x0b, 0xe9, 0x78, 0xf4, 0x0e, 0xb5, 0x81, 0xf9, 0x03, 
    0xe7, 0xa3, 0x06, 0x03, 0x4c, 0xa5, 0x08, 0x00, 0xb5, 0x2d, 0x4a, 0x03, 
    0x30, 0xf4, 0xff, 0x02, 0x6c, 0x1b, 0x64, 0x00, 0x57, 0x58, 0x63, 0x07, 
    0xbf, 0x24, 0xd4, 0x07, 0x20, 0xb1, 0xe8, 0x05, 0x99, 0x7f, 0x22, 0x08, 
    0xf9, 0xcc, 0xd5, 0x0b, 0x5c, 0x1a, 0xca, 0x02, 0x43, 0xcd, 0x2b, 0x08, 
    0x73, 0xad, 0xff, 0x00, 0x9b, 0x21, 0x68, 0x0e, 0x3f, 0xcd, 0xf4, 0x06, 
    0x03, 0x27, 0xb7, 0x0a, 0x3e, 0xe5, 0xfd, 0x0b, 0x5f, 0x18, 0x30, 0x0b, 
    0x70, 0x08, 0x17, 0x04, 0x64, 0xe9, 0x38, 0x00, 0x0c, 0x0a, 0x77, 0x0f, 
    0x38, 0x23, 0xc7, 0x01, 0x96, 0x7d, 0xea, 0x0b, 0xcf, 0xa9, 0x7c, 0x0b, 
    0x2b, 0xc9, 0x1b, 0x01, 0xde, 0x10, 0xb7, 0x0f, 0xa8, 0x1c, 0x8f, 0x04, 
    0x9f, 0x59, 0x08, 0x0e, 0x6a, 0x2b, 0x4d, 0x04, 0x15, 0x99, 0x98, 0x0c, 
    0x22, 0x99, 0x32, 0x04, 0xd6, 0xd0, 0x96, 0x0c, 0x16, 0x87, 0x5a, 0x01, 
    0xee, 0xf7, 0x52, 0x03, 0x48, 0xd6, 0x64, 0x05, 0x7e, 0x8f, 0x39, 0x0d, 
    0xdc, 0xd4, 0x22, 0x02, 0xba, 0x4f, 0xa9, 0x03, 0x7d, 0xb0, 0xff, 0x07, 
    0x38, 0x38, 0xef, 0x0e, 0x2a, 0xcf, 0x3b, 0x00, 0xb2, 0x81, 0x8e, 0x07, 
    0x08, 0x36, 0x8c, 0x05, 0x87, 0x1b, 0xf6, 0x0b, 0xcf, 0x07, 0x6e, 0x03, 
    0x39, 0x60, 0xda, 0x0a, 0x9a, 0x51, 0xff, 0x08, 0x56, 0x2a, 0x60, 0x0b, 
    0x95, 0xa3, 0x30, 0x01, 0xa3, 0xd2, 0xc3, 0x07, 0x41, 0xc2, 0x44, 0x0e, 
    0x11, 0x12, 0x34, 0x06, 0x47, 0x94, 0x95, 0x09, 0x39, 0xbc, 0x58, 0x07, 
    0x3f, 0x15, 0xf6, 0x08, 0xa1, 0x22, 0xcb, 0x0f, 0x09, 0x06, 0x1f, 0x03, 
    0x20, 0xb4, 0x5e, 0x05, 0x57, 0x71, 0xbf, 0x05, 0x13, 0x9c, 0x18, 0x01, 
    0x23, 0x1d, 0xe7, 0x02, 0x30, 0xa1, 0xdb, 0x0d, 0x7f, 0xeb, 0xec, 0x02, 
    0xb8, 0x34, 0x20, 0x01, 0xa8, 0xbc, 0xa3, 0x07, 0x94, 0x19, 0xd8, 0x0c, 
    0xe4, 0x4e, 0xe0, 0x00, 0xb2, 0x93, 0x2e, 0x05, 0xf2, 0xf9, 0xc0, 0x00, 
    0x8f, 0x30, 0x76, 0x0b, 0xe5, 0x3f, 0x65, 0x0e, 0x27, 0x8c, 0x55, 0x0d, 
    0x54, 0x9d, 0x2d, 0x0c, 0x94, 0x25, 0x6e, 0x05, 0xdd, 0x02, 0x23, 0x0c, 
    0x56, 0xd2, 0x72, 0x05, 0x9d, 0x49, 0x92, 0x0d, 0xc5, 0x84, 0xd4, 0x09, 
    0x8d, 0xec, 0x72, 0x08, 0x43, 0xbc, 0xe7, 0x0c, 0xaf, 0xbc, 0x5d, 0x0d, 
    0x32, 0x48, 0x29, 0x0c, 0x2f, 0x76, 0xe8, 0x0e, 0x5b, 0x8d, 0x98, 0x06, 
    0x84, 0x9f, 0x96, 0x02, 0x45, 0xf0, 0x39, 0x01, 0x3e, 0x40, 0x15, 0x0b, 
    0xc2, 0xef, 0x90, 0x0d, 0xc7, 0xea, 0xc7, 0x08, 0xe9, 0x5c, 0xc0, 0x0b, 
    0x2d, 0xf8, 0x15, 0x0e, 0xe3, 0xf5, 0xd9, 0x05, 0xaa, 0xd3, 0xeb, 0x04, 
    0xbd, 0xb9, 0xc6, 0x0c, 0x0b, 0xb4, 0x51, 0x03, 0x0b, 0x5d, 0xe4, 0x05, 
    0x7f, 0xd4, 0x51, 0x00, 0xc2, 0x44, 0xb4, 0x02, 0x6e, 0x4f, 0xb6, 0x08, 
    0x7d, 0x49, 0x9a, 0x07, 0x5c, 0xd7, 0x7c, 0x02, 0x39, 0xb1, 0x5e, 0x03, 
    0x2b, 0x37, 0xec, 0x09, 0x9c, 0x0e, 0x50, 0x08, 0x41, 0x92, 0xeb, 0x08, 
    0x19, 0xc5, 0x5c, 0x0d, 0x27, 0x29, 0x49, 0x08, 0x1b, 0x65, 0x0f, 0x09, 
    0xc8, 0x3b, 0x33, 0x02, 0x05, 0x50, 0xfc, 0x06, 0xdb, 0xf6, 0x03, 0x07, 
    0x3e, 0xc7, 0x32, 0x0a, 0x47, 0xe3, 0x0f, 0x05, 0x06, 0xc0, 0x49, 0x0e, 
    0x89, 0x35, 0x08, 0x0c, 0xd3, 0x04, 0x9a, 0x09, 0x52, 0x67, 0x74, 0x09, 
    0x64, 0x48, 0x26, 0x0e, 0xb4, 0xef, 0x31, 0x0b, 0x83, 0x97, 0xef, 0x08, 
    0x65, 0xf2, 0x39, 0x07, 0xc4, 0x66, 0xba, 0x0b, 0x62, 0x5c, 0x36, 0x0f, 
    0xf3, 0x38, 0x20, 0x03, 0xbe, 0xa2, 0x9f, 0x01, 0xa3, 0x28, 0x84, 0x01, 
    0x7d, 0xb8, 0x22, 0x05, 0x3a, 0xce, 0xb6, 0x03, 0xe9, 0xd1, 0xdc, 0x05, 
    0x2c, 0x51, 0xe2, 0x09, 0xb1, 0x15, 0xbf, 0x0a, 0x67, 0xc6, 0x4a, 0x06, 
    0x84, 0xdf, 0xcb, 0x03, 0xd0, 0x23, 0x77, 0x05, 0x7a, 0x58, 0x8e, 0x01, 
    0x8d, 0x3b, 0xf1, 0x01, 0xc4, 0xed, 0x2d, 0x0a, 0x73, 0xa3, 0x94, 0x06, 
    0xa0, 0xed, 0xe0, 0x0f, 0xe7, 0xcf, 0x11, 0x03, 0x36, 0xe8, 0x93, 0x0b, 
    0xf0, 0x03, 0x0a, 0x06, 0x54, 0xed, 0x61, 0x05, 0x47, 0x9d, 0x5c, 0x08, 
    0xf4, 0x8f, 0xf3, 0x09, 0xe2, 0xb1, 0x93, 0x04, 0x8d, 0x19, 0xd6, 0x04, 
    0xbb, 0x71, 0xd0, 0x08, 0x1f, 0x94, 0xc9, 0x0f, 0xd0, 0xed, 0xa3, 0x0f, 
    0x8b, 0x3f, 0xeb, 0x09, 0x79, 0x3f, 0x74, 0x0e, 0xf7, 0xc4, 0x4f, 0x04, 
    0x42, 0x39, 0xdf, 0x04, 0x26, 0x85, 0xbb, 0x0e, 0xa7, 0xb2, 0xcb, 0x06, 
    0xce, 0xc9, 0x52, 0x01, 0xfb, 0x9d, 0x79, 0x00, 0xe6, 0xdb, 0x28, 0x0d, 
    0xd3, 0xdf, 0xe5, 0x09, 0xc7, 0x27, 0x86, 0x05, 0x84, 0x27, 0x4a, 0x00, 
    0xd2, 0x18, 0x87, 0x0c, 0x68, 0x81, 0x6a, 0x0c, 0xa4, 0x60, 0xef, 0x0c, 
    0xa2, 0x33, 0xa0, 0x0f, 0x35, 0xd5, 0x34, 0x0d, 0x11, 0xde, 0x60, 0x04, 
    0x9e, 0x34, 0xb2, 0x07, 0x05, 0xc0, 0x1b, 0x0b, 0xe7, 0x6c, 0x72, 0x0f, 
    0x10, 0x9a, 0xe8, 0x09, 0x54, 0xd8, 0x1b, 0x02, 0x68, 0xbc, 0xdc, 0x03, 
    0xd9, 0x8c, 0x0a, 0x09, 0xae, 0x11, 0xc0, 0x0c, 0x1d, 0x80, 0xf7, 0x05, 
    0xd5, 0xb4, 0x55, 0x08, 0xdc, 0xaa, 0x69, 0x00, 0x00, 0xad, 0xa4, 0x05, 
    0xfd, 0x08, 0xda, 0x0b, 0xc3, 0x3e, 0x3f, 0x0e, 0x95, 0x2b, 0x54, 0x08, 
    0x6b, 0x74, 0x72, 0x08, 0xdc, 0x7b, 0x59, 0x02, 0x9b, 0x91, 0x81, 0x06, 
    0x76, 0xd7, 0xf2, 0x0a, 0xf6, 0xa2, 0x62, 0x09, 0x91, 0xf8, 0x04, 0x0d, 
    0xd6, 0x25, 0xb6, 0x0b, 0x3b, 0x18, 0x79, 0x0c, 0x0a, 0xd8, 0x3b, 0x09, 
    0x99, 0x5b, 0x2a, 0x06, 0xdd, 0x5f, 0xa4, 0x01, 0x73, 0x67, 0x78, 0x03, 
    0x0b, 0xd9, 0xf9, 0x00, 0x2f, 0x8d, 0x27, 0x02, 0xb2, 0xb8, 0x7f, 0x06, 
    0xf5, 0xac, 0x9b, 0x06, 0x18, 0x14, 0x5c, 0x0b, 0x4a, 0x24, 0x90, 0x07, 
    0x22, 0xa9, 0x8d, 0x00, 0xa3, 0xe5, 0xd1, 0x03, 0xf4, 0xb1, 0xe6, 0x0b, 
    0x1d, 0x25, 0xa5, 0x0b, 0x54, 0xa0, 0x18, 0x04, 0x63, 0x1e, 0x79, 0x05, 
    0x64, 0x9a, 0xbd, 0x02, 0xe3, 0x25, 0x75, 0x03, 0x0f, 0xb6, 0x38, 0x09, 
    0x89, 0xa0, 0x55, 0x0d, 0x8c, 0xc9, 0x96, 0x0a, 0x85, 0x59, 0x33, 0x05, 
    0x15, 0x7d, 0x19, 0x05, 0x4b, 0xec, 0xcd, 0x03, 0xfc, 0x12, 0xd7, 0x00, 
    0xb9, 0x6f, 0x38, 0x0a, 0x31, 0x52, 0x5d, 0x08, 0xd1, 0x79, 0x1f, 0x06, 
    0xe1, 0x9f, 0x5b, 0x09, 0x91, 0xd0, 0x8e, 0x04, 0x1e, 0x10, 0xd5, 0x04, 
    0xe4, 0xba, 0x79, 0x0a, 0xca, 0x05, 0x2e, 0x08, 0x6d, 0xbd, 0x2d, 0x00, 
    0x44, 0x54, 0x34, 0x00, 0xbd, 0x03, 0x60, 0x07, 0xca, 0x4b, 0x00, 0x0d, 
    0x7a, 0x09, 0xfc, 0x0c, 0x0c, 0x66, 0x83, 0x0b, 0xd5, 0x12, 0x29, 0x03, 
    0x7a, 0x41, 0x89, 0x02, 0xce, 0xd4, 0x96, 0x03, 0x86, 0xe4, 0x8d, 0x0e, 
    0x48, 0x7b, 0xd9, 0x0c, 0x24, 0x40, 0x10, 0x05, 0xec, 0xad, 0x75, 0x0e, 
    0x86, 0xf9, 0xc0, 0x0a, 0x7c, 0x4f, 0x95, 0x0b, 0xba, 0x71, 0x48, 0x08, 
    0xe9, 0x7b, 0x6f, 0x09, 0xa0, 0xde, 0xd5, 0x0f, 0xb6, 0xd6, 0xe5, 0x04, 
    0x42, 0x87, 0xda, 0x0f, 0x19, 0x3a, 0x0c, 0x0e, 0x64, 0x74, 0xbe, 0x07, 
    0x5c, 0x3d, 0xd6, 0x08, 0x8c, 0xb0, 0xa2, 0x04, 0xbf, 0xc5, 0x0f, 0x0c, 
    0xc6, 0x4d, 0x24, 0x05, 0x42, 0xfb, 0xc5, 0x0b, 0xa4, 0x63, 0x5f, 0x02, 
    0xb1, 0x54, 0xa3, 0x04, 0x5f, 0x84, 0x2b, 0x0a, 0x9b, 0xd2, 0xa4, 0x0a, 
    0xe9, 0x14, 0xd7, 0x05, 0x89, 0x59, 0xf1, 0x04, 0x32, 0x22, 0xa8, 0x0f, 
    0x8b, 0x07, 0xb4, 0x08, 0x17, 0x29, 0xed, 0x0f, 0x8f, 0xf9, 0x27, 0x07, 
    0x10, 0xd6, 0xac, 0x08, 0xd2, 0xdf, 0x4f, 0x0c, 0xa2, 0x4c, 0x3f, 0x02, 
    0xa6, 0xaf, 0x62, 0x0e, 0x7a, 0x28, 0x98, 0x0a, 0xd4, 0x18, 0x4a, 0x02, 
    0xf8, 0x6d, 0xb1, 0x0f, 0x49, 0xb7, 0xae, 0x00, 0x5b, 0x6c, 0x6c, 0x08, 
    0x11, 0xbc, 0x08, 0x07, 0x40, 0xae, 0xba, 0x05, 0x7f, 0xb2, 0x5b, 0x0e, 
    0xfb, 0x0e, 0xc0, 0x0a, 0x9d, 0x26, 0x60, 0x0d, 0x03, 0xd1, 0x02, 0x0e, 
    0x0d, 0xfd, 0x32, 0x0b, 0x83, 0x9a, 0xa3, 0x08, 0xe4, 0x1f, 0x77, 0x09, 
    0xb9, 0xee, 0xbf, 0x0a, 0x55, 0x53, 0x0d, 0x0b, 0x4b, 0xe8, 0x2f, 0x05, 
    0xab, 0x12, 0xde, 0x0e, 0xd6, 0x51, 0x20, 0x0c, 0xa7, 0xa8, 0xf9, 0x0e, 
    0xc3, 0x37, 0x7c, 0x02, 0x54, 0xf2, 0xd0, 0x07, 0x28, 0x0d, 0xf9, 0x0c, 
    0x44, 0x01, 0xca, 0x07, 0x2c, 0x8e, 0xa3, 0x02, 0x79, 0x78, 0x29, 0x02, 
    0x8c, 0x0a, 0x75, 0x0e, 0x6e, 0xc0, 0xfe, 0x0f, 0x3d, 0x0c, 0x04, 0x04, 
    0x9c, 0xdb, 0xd9, 0x08, 0x79, 0x0a, 0xd9, 0x03, 0xf2, 0x09, 0x3a, 0x0d, 
    0x7b, 0x72, 0xd8, 0x0c, 0x65, 0x1f, 0x73, 0x07, 0x74, 0x69, 0x73, 0x0c, 
    0x8c, 0x92, 0xdb, 0x0f, 0x18, 0x7f, 0x34, 0x03, 0x5b, 0xcf, 0x62, 0x0e, 
    0x5c, 0x4a, 0xa6, 0x07, 0x96, 0xb5, 0x4d, 0x0f, 0x04, 0xcb, 0xe5, 0x05, 
    0x02, 0xf4, 0x92, 0x08, 0xf4, 0x62, 0x27, 0x0b, 0x92, 0x6f, 0x93, 0x02, 
    0x0b, 0xde, 0x1e, 0x09, 0x06, 0xa7, 0x64, 0x04, 0x56, 0x39, 0x08, 0x0a, 
    0xee, 0x86, 0xaf, 0x0d, 0xa5, 0x0b, 0x6a, 0x0f, 0xc8, 0x26, 0x88, 0x00, 
    0xf6, 0xf6, 0x97, 0x09, 0xc9, 0x72, 0x51, 0x01, 0x4c, 0xcd, 0xe9, 0x0c, 
    0x30, 0x14, 0x82, 0x08, 0x5a, 0x46, 0x31, 0x0c, 0x46, 0xb6, 0x9b, 0x0f, 
    0xb6, 0x9a, 0xfe, 0x08, 0x1a, 0x57, 0x5f, 0x0f, 0xf2, 0x2e, 0x70, 0x0b, 
    0x37, 0x3f, 0xc4, 0x00, 0xed, 0xc2, 0xf2, 0x0f, 0x65, 0x4e, 0x43, 0x0e, 
    0x59, 0x86, 0x9b, 0x0a, 0xe8, 0x57, 0x09, 0x08, 0x72, 0x26, 0x01, 0x03, 
    0xf9, 0x87, 0x5c, 0x04, 0xe6, 0xc6, 0x17, 0x0d, 0x89, 0x5b, 0xf3, 0x0e, 
    0x64, 0x6a, 0xe1, 0x02, 0x2c, 0x6e, 0x8f, 0x0d, 0x46, 0xe7, 0x04, 0x0d, 
    0xda, 0x72, 0x2f, 0x04, 0xc5, 0x68, 0x03, 0x05, 0x76, 0xb7, 0x38, 0x07, 
    0xb6, 0xe8, 0x03, 0x00, 0x73, 0x68, 0xb5, 0x05, 0x0a, 0x69, 0x34, 0x08, 
    0x34, 0x6e, 0x20, 0x06, 0x25, 0xc0, 0xa9, 0x09, 0x13, 0x86, 0x4e, 0x0e, 
    0xf4, 0xe8, 0x5f, 0x0d, 0x53, 0xbb, 0xb4, 0x06, 0xa8, 0x83, 0xf1, 0x07, 
    0x93, 0xd2, 0x29, 0x0b, 0x9a, 0x16, 0x9f, 0x0d, 0x5d, 0xd9, 0xb5, 0x07, 
    0xdd, 0x6d, 0x7d, 0x0a, 0xb5, 0x18, 0xd6, 0x02, 0x44, 0x5b, 0x3a, 0x0b, 
    0x0c, 0x51, 0xc4, 0x0d, 0x7f, 0x64, 0xd4, 0x0d, 0x24, 0x91, 0xb3, 0x0c, 
    0xeb, 0xbb, 0x57, 0x0f, 0xbf, 0x38, 0x5d, 0x08, 0xdd, 0x6c, 0xa7, 0x05, 
    0x06, 0x9c, 0x87, 0x09, 0x30, 0x9e, 0x20, 0x02, 0xf2, 0x29, 0x8d, 0x0c, 
    0x4d, 0x96, 0xe8, 0x0c, 0xcc, 0x1f, 0x34, 0x06, 0x12, 0xfd, 0xd2, 0x05, 
    0x10, 0x42, 0x9f, 0x04, 0xe8, 0xd7, 0xdc, 0x07, 0xb3, 0x19, 0xcf, 0x0a, 
    0xfb, 0x30, 0x66, 0x04, 0x84, 0x86, 0xa5, 0x00, 0xb7, 0x54, 0x31, 0x09, 
    0x54, 0x38, 0x4b, 0x04, 0x9e, 0x64, 0x4e, 0x03, 0x94, 0x1b, 0x90, 0x07, 
    0xf0, 0xc7, 0xd3, 0x00, 0x0b, 0x49, 0x83, 0x0c, 0x19, 0xc3, 0xd2, 0x0a, 
    0x93, 0x03, 0x14, 0x00, 0x23, 0x43, 0x51, 0x0a, 0x0e, 0x6d, 0x94, 0x04, 
    0x9a, 0xa0, 0x92, 0x07, 0x1e, 0x9f, 0x28, 0x0f, 0x9e, 0xa7, 0x89, 0x07, 
    0x66, 0x59, 0xc0, 0x0f, 0x59, 0x74, 0xef, 0x03, 0x0b, 0xbe, 0x5e, 0x0b, 
    0xf9, 0x6d, 0xd1, 0x0d, 0xb8, 0x4b, 0x11, 0x0a, 0x53, 0x7d, 0x67, 0x0c, 
    0xaf, 0xe9, 0xe1, 0x06, 0x40, 0x3a, 0xac, 0x01, 0xb8, 0x9a, 0x85, 0x03, 
    0xcf, 0x8c, 0x3b, 0x07, 0xa3, 0x64, 0x31, 0x04, 0xcf, 0x94, 0x7c, 0x00, 
    0x0e, 0x85, 0xf7, 0x06, 0xf5, 0x8b, 0x79, 0x0a, 0x7d, 0x6e, 0xfd, 0x0f, 
    0x62, 0x81, 0x4e, 0x0e, 0xa5, 0x5d, 0x7d, 0x0f, 0x9a, 0x7e, 0x37, 0x0c, 
    0x8b, 0x28, 0x60, 0x04, 0xb4, 0x75, 0x00, 0x07, 0x39, 0x1c, 0x2e, 0x0d, 
    0x8e, 0x20, 0x89, 0x0f, 0xa8, 0x0a, 0x01, 0x0f, 0xed, 0x08, 0x22, 0x09, 
    0x10, 0x23, 0xd7, 0x02, 0x73, 0x69, 0x20, 0x0c, 0x57, 0x24, 0x92, 0x03, 
    0x87, 0x35, 0x06, 0x06, 0x97, 0x5e, 0x4c, 0x07, 0xfb, 0xb5, 0xe9, 0x0f, 
    0xd8, 0x45, 0x2b, 0x0f, 0xd9, 0xf2, 0xcf, 0x0a, 0x27, 0x6a, 0x12, 0x02, 
    0xf1, 0x00, 0xf4, 0x0b, 0x3e, 0xcf, 0x80, 0x09, 0x95, 0x71, 0x3e, 0x0f, 
    0x55, 0x13, 0x3f, 0x0b, 0xfc, 0x19, 0x8a, 0x04, 0x61, 0x34, 0x3e, 0x0e, 
    0xf5, 0x60, 0x82, 0x06, 0x04, 0x78, 0xdb, 0x02, 0xfc, 0x03, 0xec, 0x0f, 
    0x45, 0x6a, 0x01, 0x0b, 0x7c, 0x73, 0xe4, 0x07, 0xf8, 0x83, 0xe0, 0x0e, 
    0x57, 0xa7, 0x71, 0x05, 0x12, 0x2f, 0xf1, 0x04, 0xfd, 0x33, 0x83, 0x01, 
    0x98, 0xd1, 0xa5, 0x0e, 0x22, 0x47, 0xe7, 0x01, 0x10, 0x94, 0xe8, 0x01, 
    0x9b, 0x24, 0x9e, 0x04, 0xf9, 0xa4, 0x28, 0x0b, 0x49, 0xe5, 0x1e, 0x02, 
    0x72, 0x1d, 0x2e, 0x06, 0xbd, 0xad, 0x20, 0x0f, 0xa4, 0xa0, 0xf5, 0x04, 
    0xcd, 0x99, 0x99, 0x0e, 0x5f, 0x12, 0x23, 0x0e, 0x3d, 0xef, 0xaf, 0x0e, 
    0xee, 0x32, 0xff, 0x0a, 0x07, 0xde, 0x12, 0x0c, 0xf6, 0xa1, 0x69, 0x07, 
    0x91, 0x0e, 0x62, 0x0f, 0x7e, 0x1e, 0x84, 0x0e, 0x6c, 0x15, 0xfb, 0x08, 
    0x05, 0x68, 0x33, 0x00, 0xb8, 0xf2, 0xa1, 0x0c, 0x30, 0x72, 0xa1, 0x01, 
    0xd7, 0xe8, 0xfe, 0x00, 0x37, 0x0e, 0xe8, 0x0e, 0x82, 0x11, 0x68, 0x05, 
    0x73, 0x61, 0x2d, 0x02, 0xcd, 0xd5, 0xb5, 0x07, 0xee, 0x08, 0x50, 0x06, 
    0x5e, 0xdf, 0x95, 0x01, 0xa8, 0xdf, 0x4f, 0x03, 0xd9, 0x56, 0x36, 0x04, 
    0xb0, 0x15, 0x09, 0x05, 0x7f, 0x51, 0x51, 0x07, 0x42, 0xde, 0x2d, 0x00, 
    0xd3, 0x01, 0x79, 0x09, 0x7f, 0x60, 0xe9, 0x06, 0xc9, 0xbd, 0x88, 0x0e, 
    0xa9, 0xeb, 0xda, 0x08, 0x95, 0xef, 0xdb, 0x01, 0x0f, 0x2c, 0xce, 0x06, 
    0xde, 0xdd, 0x23, 0x01, 0x94, 0x28, 0xe8, 0x0c, 0x4c, 0x6b, 0x2b, 0x07, 
    0x62, 0xbd, 0x0a, 0x00, 0x99, 0xf3, 0x52, 0x07, 0x8b, 0x97, 0xa9, 0x06, 
    0x76, 0xe9, 0xdd, 0x04, 0xfa, 0x05, 0x28, 0x0d, 0xb9, 0x6a, 0xee, 0x02, 
    0x91, 0x4a, 0xb5, 0x07, 0x57, 0x6c, 0xb2, 0x00, 0xda, 0xe9, 0xe1, 0x01, 
    0xe3, 0x4f, 0x81, 0x09, 0xef, 0x07, 0xff, 0x0d, 0x81, 0x34, 0xb0, 0x0f, 
    0x7c, 0x90, 0x2c, 0x0f, 0x3f, 0x9b, 0xf4, 0x0a, 0xea, 0x23, 0xd1, 0x0a, 
    0x54, 0xfe, 0x4f, 0x02, 0xb7, 0x18, 0xa5, 0x08, 0xfa, 0x37, 0x1f, 0x01, 
    0x45, 0x72, 0x61, 0x03, 0x3b, 0xd1, 0xdd, 0x06, 0xd0, 0x2e, 0x17, 0x0b, 
    0x56, 0x2c, 0x34, 0x09, 0x1b, 0x8a, 0x2f, 0x02, 0x53, 0xda, 0xcc, 0x08, 
    0x85, 0x6e, 0x97, 0x0a, 0xde, 0x1f, 0x68, 0x0d, 0x6a, 0x4d, 0xe0, 0x07, 
    0x4c, 0x4a, 0x29, 0x0c, 0xb8, 0x3c, 0xba, 0x0a, 0x38, 0x7d, 0x41, 0x00, 
    0x44, 0xb5, 0xa8, 0x06, 0x2a, 0xef, 0x9b, 0x06, 0xfa, 0x63, 0xd1, 0x01, 
    0xed, 0x10, 0xfd, 0x06, 0x3e, 0x7c, 0xe6, 0x0a, 0xd7, 0x9a, 0x3a, 0x06, 
    0xa3, 0x8d, 0x4c, 0x05, 0x23, 0x6c, 0xb4, 0x0a, 0x9e, 0x7a, 0x66, 0x0c, 
    0x09, 0x44, 0x52, 0x07, 0x51, 0xa2, 0xc6, 0x0b, 0x46, 0x26, 0x42, 0x04, 
    
};
const size_t PublicKeyRawBuffer_len = 16392;

#endif // CRYPTO_KEYS_H
